group,advertiser,landing,date,spend,hvu,cphq
组1 Library,HZM,scene/031937,2026-04-05,13.95,3,4.65
组2 Tonight,HZM,scene/853762,2026-04-05,14.09,2,7.04
组1 Library,HZM,scene/031937,2026-04-06,10.04,3,3.35
组2 Tonight,HZM,scene/853762,2026-04-06,9.79,1,9.79
组3 Elevator,HNN,scene/767297,2026-04-06,12.43,2,6.21
组4 Viennese Oyster,CHJ,/multisensory/power-dynamics/3923-architecture-of-depth-mastering-viennese-oyster-position,2026-04-06,9.78,3,3.26
组1 Library,HZM,scene/031937,2026-04-07,11.21,5,2.24
组2 Tonight,HZM,scene/853762,2026-04-07,9.94,1,9.94
组3 Elevator,HNN,scene/767297,2026-04-07,8.83,0,
组4 Viennese Oyster,CHJ,/multisensory/power-dynamics/3923-architecture-of-depth-mastering-viennese-oyster-position,2026-04-07,3.98,2,1.99
组5 30 Positions,CHJ,/multisensory/most-positions/4690-30-adventurous-sex-positions-to-explore-with-your-partner,2026-04-07,6.04,3,2.01
组1 Library,HZM,scene/031937,2026-04-08,8.79,5,1.76
组2 Tonight,HZM,scene/853762,2026-04-08,12.55,2,6.28
组4 Viennese Oyster,CHJ,/multisensory/power-dynamics/3923-architecture-of-depth-mastering-viennese-oyster-position,2026-04-08,0.08,0,
组5 30 Positions,CHJ,/multisensory/most-positions/4690-30-adventurous-sex-positions-to-explore-with-your-partner,2026-04-08,0.08,2,0.04
组6 冰块,HNN,scene/903553,2026-04-08,14.76,2,7.38
组7 The best intimacy,CHJ,/multisensory/kink-fetish/4689-mastering-anilingus-sensual-guide-to-rimming-pleasure,2026-04-08,0.05,2,0.03
组8 山间,HNN,scene/680577,2026-04-08,10.32,2,5.16
组1 Library,HZM,scene/031937,2026-04-09,6.81,2,3.40
组2 Tonight,HZM,scene/853762,2026-04-09,15.57,5,3.11
组4 Viennese Oyster,CHJ,/multisensory/power-dynamics/3923-architecture-of-depth-mastering-viennese-oyster-position,2026-04-09,10.68,2,5.34
组5 30 Positions,CHJ,/multisensory/most-positions/4690-30-adventurous-sex-positions-to-explore-with-your-partner,2026-04-09,13.62,4,3.40
组6 冰块,HNN,scene/903553,2026-04-09,8.82,2,4.41
组7 The best intimacy,CHJ,/multisensory/kink-fetish/4689-mastering-anilingus-sensual-guide-to-rimming-pleasure,2026-04-09,9.75,1,9.75
组8 山间,HNN,scene/680577,2026-04-09,9.39,1,9.39
组9 金项圈,HNN,scene/578113,2026-04-09,9.17,2,4.58
组10 dark fantasy,CHJ,scene/411265,2026-04-09,5.27,2,2.63
组11 Lover Tonight,HZM,scene/869441,2026-04-09,10.42,2,5.21
组1 Library,HZM,scene/031937,2026-04-10,10.06,0,
组2 Tonight,HZM,scene/853762,2026-04-10,14.58,2,7.29
组4 Viennese Oyster,CHJ,/multisensory/power-dynamics/3923-architecture-of-depth-mastering-viennese-oyster-position,2026-04-10,16.02,4,4.00
组5 30 Positions,CHJ,/multisensory/most-positions/4690-30-adventurous-sex-positions-to-explore-with-your-partner,2026-04-10,13.98,6,2.33
组6 冰块,HNN,scene/903553,2026-04-10,5.47,0,
组7 The best intimacy,CHJ,/multisensory/kink-fetish/4689-mastering-anilingus-sensual-guide-to-rimming-pleasure,2026-04-10,16.12,6,2.69
组8 山间,HNN,scene/680577,2026-04-10,9.4,0,
组9 金项圈,HNN,scene/578113,2026-04-10,9.51,3,3.17
组10 dark fantasy,CHJ,scene/411265,2026-04-10,9.85,1,9.85
组11 Lover Tonight,HZM,scene/869441,2026-04-10,10.09,0,
组12 浴室,HNN,scene/888321,2026-04-10,14.36,2,7.18
组13 college secrecy,CHJ,scene/866241,2026-04-10,12.71,2,6.36
组1 Library,HZM,scene/031937,2026-04-11,5.1,3,1.70
组2 Tonight,HZM,scene/853762,2026-04-11,11.66,4,2.92
组4 Viennese Oyster,CHJ,/multisensory/power-dynamics/3923-architecture-of-depth-mastering-viennese-oyster-position,2026-04-11,13.96,12,1.16
组5 30 Positions,CHJ,/multisensory/most-positions/4690-30-adventurous-sex-positions-to-explore-with-your-partner,2026-04-11,12.71,5,2.54
组6 冰块,HNN,scene/903553,2026-04-11,7.61,0,
组7 The best intimacy,CHJ,/multisensory/kink-fetish/4689-mastering-anilingus-sensual-guide-to-rimming-pleasure,2026-04-11,7.97,3,2.66
组8 山间,HNN,scene/680577,2026-04-11,5.86,0,
组9 金项圈,HNN,scene/578113,2026-04-11,5.3,0,
组10 dark fantasy,CHJ,scene/411265,2026-04-11,8.72,0,
组11 Lover Tonight,HZM,scene/869441,2026-04-11,5.13,1,5.13
组12 浴室,HNN,scene/888321,2026-04-11,5.49,2,2.75
组13 college secrecy,CHJ,scene/866241,2026-04-11,6.48,1,6.48
组1 Library,HZM,scene/031937,2026-04-12,10.97,0,
组2 Tonight,HZM,scene/853762,2026-04-12,15.04,4,3.76
组4 Viennese Oyster,CHJ,/multisensory/power-dynamics/3923-architecture-of-depth-mastering-viennese-oyster-position,2026-04-12,11.82,5,2.36
组5 30 Positions,CHJ,/multisensory/most-positions/4690-30-adventurous-sex-positions-to-explore-with-your-partner,2026-04-12,8.65,2,4.33
组6 冰块,HNN,scene/903553,2026-04-12,15.14,3,5.05
组7 The best intimacy,CHJ,/multisensory/kink-fetish/4689-mastering-anilingus-sensual-guide-to-rimming-pleasure,2026-04-12,11.3,2,5.65
组8 山间,HNN,scene/680577,2026-04-12,10.57,0,
组9 金项圈,HNN,scene/578113,2026-04-12,14.88,1,14.88
组10 dark fantasy,CHJ,scene/411265,2026-04-12,10.3,0,
组11 Lover Tonight,HZM,scene/869441,2026-04-12,11.01,0,
组12 浴室,HNN,scene/888321,2026-04-12,15.72,1,15.72
组13 college secrecy,CHJ,scene/866241,2026-04-12,8.81,0,
组14 女性专栏,HNN,/multisensory/womens-sexual-health/3186-how-to-choose-right-sex-toy-for-women,2026-04-12,0.17,0,
组1 Library,HZM,scene/031937,2026-04-13,10.63,1,10.63
组2 Tonight,HZM,scene/853762,2026-04-13,14.06,2,7.03
组4 Viennese Oyster,CHJ,/multisensory/power-dynamics/3923-architecture-of-depth-mastering-viennese-oyster-position,2026-04-13,12.6,3,4.20
组5 30 Positions,CHJ,/multisensory/most-positions/4690-30-adventurous-sex-positions-to-explore-with-your-partner,2026-04-13,14.63,8,1.83
组6 冰块,HNN,scene/903553,2026-04-13,7.93,1,7.93
组7 The best intimacy,CHJ,/multisensory/kink-fetish/4689-mastering-anilingus-sensual-guide-to-rimming-pleasure,2026-04-13,15.35,4,3.84
组8 山间,HNN,scene/680577,2026-04-13,9.34,3,3.11
组9 金项圈,HNN,scene/578113,2026-04-13,7.96,1,7.96
组12 浴室,HNN,scene/888321,2026-04-13,11.18,1,11.18
组14 女性专栏,HNN,/multisensory/womens-sexual-health/3186-how-to-choose-right-sex-toy-for-women,2026-04-13,13.32,2,6.66
组15 Power Shift,HZM,scene/922306,2026-04-13,12.32,2,6.16
组16 敲门,HNN,scene/531778,2026-04-13,16.67,2,8.34
组17 18 Sensual,CHJ,/multisensory/kink-fetish/4686-18-sensual-couch-sex-ideas-to-make-intimate-moments-feel-closer?page=1,2026-04-13,8.01,2,4.00
组1 Library,HZM,scene/031937,2026-04-14,8.68,2,4.34
组2 Tonight,HZM,scene/853762,2026-04-14,2.3,6,0.38
组4 Viennese Oyster,CHJ,/multisensory/power-dynamics/3923-architecture-of-depth-mastering-viennese-oyster-position,2026-04-14,16.22,5,3.24
组5 30 Positions,CHJ,/multisensory/most-positions/4690-30-adventurous-sex-positions-to-explore-with-your-partner,2026-04-14,14.36,7,2.05
组6 冰块,HNN,scene/903553,2026-04-14,8.16,1,8.16
组7 The best intimacy,CHJ,/multisensory/kink-fetish/4689-mastering-anilingus-sensual-guide-to-rimming-pleasure,2026-04-14,10.95,2,5.47
组8 山间,HNN,scene/680577,2026-04-14,4.56,1,4.56
组9 金项圈,HNN,scene/578113,2026-04-14,9.8,0,
组12 浴室,HNN,scene/888321,2026-04-14,8.48,2,4.24
组14 女性专栏,HNN,/multisensory/womens-sexual-health/3186-how-to-choose-right-sex-toy-for-women,2026-04-14,9.92,0,
组15 Power Shift,HZM,scene/922306,2026-04-14,6.97,0,
组16 敲门,HNN,scene/531778,2026-04-14,7.73,0,
组17 18 Sensual,CHJ,/multisensory/kink-fetish/4686-18-sensual-couch-sex-ideas-to-make-intimate-moments-feel-closer?page=1,2026-04-14,10.91,4,2.73
组18 红玫瑰,HNN,scene/613826,2026-04-14,9.79,4,2.45
组19 Top Predator's,HZM,scene/922306,2026-04-14,7.64,3,2.55
组20 A Softer,CHJ,/multisensory/solo-pleasure/4763-pillow-humping-essentials-guide-to-solo-pleasure,2026-04-14,7.32,2,3.66
组1 Library,HZM,scene/031937,2026-04-15,18.79,2,9.39
组2 Tonight,HZM,scene/853762,2026-04-15,2.3,1,2.30
组4 Viennese Oyster,CHJ,/multisensory/power-dynamics/3923-architecture-of-depth-mastering-viennese-oyster-position,2026-04-15,7.61,3,2.54
组5 30 Positions,CHJ,/multisensory/most-positions/4690-30-adventurous-sex-positions-to-explore-with-your-partner,2026-04-15,10.97,10,1.10
组6 冰块,HNN,scene/903553,2026-04-15,0.89,1,0.89
组7 The best intimacy,CHJ,/multisensory/kink-fetish/4689-mastering-anilingus-sensual-guide-to-rimming-pleasure,2026-04-15,12.52,6,2.09
组8 山间,HNN,scene/680577,2026-04-15,7.07,1,7.07
组9 金项圈,HNN,scene/578113,2026-04-15,7.53,4,1.88
组12 浴室,HNN,scene/888321,2026-04-15,5.58,3,1.86
组15 Power Shift,HZM,scene/922306,2026-04-15,16.63,2,8.31
组17 18 Sensual,CHJ,/multisensory/kink-fetish/4686-18-sensual-couch-sex-ideas-to-make-intimate-moments-feel-closer?page=1,2026-04-15,6.99,2,3.50
组18 红玫瑰,HNN,scene/613826,2026-04-15,9.01,4,2.25
组19 Top Predator's,HZM,scene/922306,2026-04-15,15.59,1,15.59
组20 A Softer,CHJ,/multisensory/solo-pleasure/4763-pillow-humping-essentials-guide-to-solo-pleasure,2026-04-15,7.31,9,0.81
组21 职场,HNN,/exp-app/scene/1977563229444947970,2026-04-15,9.62,1,9.62
组22 Voyeurism,CHJ,/multisensory/voyeurism/735-seen-body-why-is-voyeurism,2026-04-15,0.0,1,0.00
组23 工作室,HNN,/exp-app/scene/1972149814470684674,2026-04-15,0.0,1,0.00
组24 Dom,CHJ,/multisensory/power-dynamics/4724-understanding-dom-and-sub,2026-04-15,5.4,2,2.70
组1 Library,HZM,scene/031937,2026-04-16,0.18,3,0.06
组4 Viennese Oyster,CHJ,/multisensory/power-dynamics/3923-architecture-of-depth-mastering-viennese-oyster-position,2026-04-16,1.95,3,0.65
组5 30 Positions,CHJ,/multisensory/most-positions/4690-30-adventurous-sex-positions-to-explore-with-your-partner,2026-04-16,3.35,3,1.12
组7 The best intimacy,CHJ,/multisensory/kink-fetish/4689-mastering-anilingus-sensual-guide-to-rimming-pleasure,2026-04-16,0.15,0,
组8 山间,HNN,scene/680577,2026-04-16,7.94,0,
组9 金项圈,HNN,scene/578113,2026-04-16,6.15,0,
组15 Power Shift,HZM,scene/922306,2026-04-16,7.24,0,
组16 敲门,HNN,scene/531778,2026-04-16,9.96,0,
组17 18 Sensual,CHJ,/multisensory/kink-fetish/4686-18-sensual-couch-sex-ideas-to-make-intimate-moments-feel-closer?page=1,2026-04-16,3.23,12,0.27
组18 红玫瑰,HNN,scene/613826,2026-04-16,10.25,2,5.12
组19 Top Predator's,HZM,scene/922306,2026-04-16,7.53,0,
组20 A Softer,CHJ,/multisensory/solo-pleasure/4763-pillow-humping-essentials-guide-to-solo-pleasure,2026-04-16,13.06,8,1.63
组21 职场,HNN,/exp-app/scene/1977563229444947970,2026-04-16,9.06,0,
组23 工作室,HNN,/exp-app/scene/1972149814470684674,2026-04-16,11.58,2,5.79
组24 Dom,CHJ,/multisensory/power-dynamics/4724-understanding-dom-and-sub,2026-04-16,2.77,0,
组25 强迫休息,HNN,/exp-app/scene/2013638045763465217,2026-04-16,6.63,2,3.31
组26 Surrender,HZM,/exp-app/scene/2034147121168449537,2026-04-16,2.75,2,1.38
组27 performance,CHJ,/multisensory/sensory-immersion/4312-architecture-of-arousal,2026-04-16,0.35,0,
组4 Viennese Oyster,CHJ,/multisensory/power-dynamics/3923-architecture-of-depth-mastering-viennese-oyster-position,2026-04-17,28.88,5,5.78
组5 30 Positions,CHJ,/multisensory/most-positions/4690-30-adventurous-sex-positions-to-explore-with-your-partner,2026-04-17,24.12,5,4.82
组7 The best intimacy,CHJ,/multisensory/kink-fetish/4689-mastering-anilingus-sensual-guide-to-rimming-pleasure,2026-04-17,28.28,6,4.71
组8 山间,HNN,scene/680577,2026-04-17,8.35,0,
组9 金项圈,HNN,scene/578113,2026-04-17,7.77,0,
组16 敲门,HNN,scene/531778,2026-04-17,7.25,0,
组17 18 Sensual,CHJ,/multisensory/kink-fetish/4686-18-sensual-couch-sex-ideas-to-make-intimate-moments-feel-closer?page=1,2026-04-17,30.1,18,1.67
组18 红玫瑰,HNN,scene/613826,2026-04-17,8.49,0,
组20 A Softer,CHJ,/multisensory/solo-pleasure/4763-pillow-humping-essentials-guide-to-solo-pleasure,2026-04-17,30.76,13,2.37
组21 职场,HNN,/exp-app/scene/1977563229444947970,2026-04-17,10.03,8,1.25
组23 工作室,HNN,/exp-app/scene/1972149814470684674,2026-04-17,10.57,4,2.64
组24 Dom,CHJ,/multisensory/power-dynamics/4724-understanding-dom-and-sub,2026-04-17,29.18,0,
组25 强迫休息,HNN,/exp-app/scene/2013638045763465217,2026-04-17,10.98,0,
组27 performance,CHJ,/multisensory/sensory-immersion/4312-architecture-of-arousal,2026-04-17,28.38,0,
组28 牛角,HNN,/exp-app/scene/1968161107381112833,2026-04-17,10.32,0,
组30 流汗男,HNN,/exp-app/scene/1967788094903078914,2026-04-17,7.93,0,
组32 confidence,CHJ,/multisensory/power-dynamics/4314-art-of-instrument-mastering-sensual-blowjob-power-dynamics?page=2,2026-04-17,24.86,0,
组4 Viennese Oyster,CHJ,/multisensory/power-dynamics/3923-architecture-of-depth-mastering-viennese-oyster-position,2026-04-18,18.24,10,1.82
组5 30 Positions,CHJ,/multisensory/most-positions/4690-30-adventurous-sex-positions-to-explore-with-your-partner,2026-04-18,14.0,0,
组7 The best intimacy,CHJ,/multisensory/kink-fetish/4689-mastering-anilingus-sensual-guide-to-rimming-pleasure,2026-04-18,10.98,0,
组8 山间,HNN,scene/680577,2026-04-18,5.53,0,
组9 金项圈,HNN,scene/578113,2026-04-18,5.19,0,
组15 Power Shift,HZM,scene/922306,2026-04-18,6.24,0,
组16 敲门,HNN,scene/531778,2026-04-18,4.6,0,
组17 18 Sensual,CHJ,/multisensory/kink-fetish/4686-18-sensual-couch-sex-ideas-to-make-intimate-moments-feel-closer?page=1,2026-04-18,16.78,26,0.65
组18 红玫瑰,HNN,scene/613826,2026-04-18,6.82,0,
组19 Top Predator's,HZM,scene/922306,2026-04-18,8.3,0,
组20 A Softer,CHJ,/multisensory/solo-pleasure/4763-pillow-humping-essentials-guide-to-solo-pleasure,2026-04-18,35.35,10,3.54
组21 职场,HNN,/exp-app/scene/1977563229444947970,2026-04-18,8.98,1,8.98
组23 工作室,HNN,/exp-app/scene/1972149814470684674,2026-04-18,6.41,2,3.21
组24 Dom,CHJ,/multisensory/power-dynamics/4724-understanding-dom-and-sub,2026-04-18,20.84,0,
组25 强迫休息,HNN,/exp-app/scene/2013638045763465217,2026-04-18,13.47,0,
组26 Surrender,HZM,/exp-app/scene/2034147121168449537,2026-04-18,10.88,0,
组27 performance,CHJ,/multisensory/sensory-immersion/4312-architecture-of-arousal,2026-04-18,20.36,0,
组28 牛角,HNN,/exp-app/scene/1968161107381112833,2026-04-18,9.68,0,
组29 性爱疗愈,HZM,/multisensory/sexual-wellness/1474-can-sex-truly-alleviate-pain,2026-04-18,16.17,2,8.09
组30 流汗男,HNN,/exp-app/scene/1967788094903078914,2026-04-18,13.09,0,
组31 天使,HZM,/exp-app/scene/1968879137365995521,2026-04-18,10.39,0,
组32 confidence,CHJ,/multisensory/power-dynamics/4314-art-of-instrument-mastering-sensual-blowjob-power-dynamics?page=2,2026-04-18,12.28,5,2.46
组4 Viennese Oyster,CHJ,/multisensory/power-dynamics/3923-architecture-of-depth-mastering-viennese-oyster-position,2026-04-19,10.08,9,1.12
组5 30 Positions,CHJ,/multisensory/most-positions/4690-30-adventurous-sex-positions-to-explore-with-your-partner,2026-04-19,9.38,5,1.88
组7 The best intimacy,CHJ,/multisensory/kink-fetish/4689-mastering-anilingus-sensual-guide-to-rimming-pleasure,2026-04-19,10.76,0,
组8 山间,HNN,scene/680577,2026-04-19,6.16,0,
组9 金项圈,HNN,scene/578113,2026-04-19,6.12,0,
组15 Power Shift,HZM,scene/922306,2026-04-19,9.8,0,
组16 敲门,HNN,scene/531778,2026-04-19,4.83,0,
组17 18 Sensual,CHJ,/multisensory/kink-fetish/4686-18-sensual-couch-sex-ideas-to-make-intimate-moments-feel-closer?page=1,2026-04-19,9.84,12,0.82
组18 红玫瑰,HNN,scene/613826,2026-04-19,8.75,0,
组19 Top Predator's,HZM,scene/922306,2026-04-19,9.08,0,
组20 A Softer,CHJ,/multisensory/solo-pleasure/4763-pillow-humping-essentials-guide-to-solo-pleasure,2026-04-19,18.84,7,2.69
组21 职场,HNN,/exp-app/scene/1977563229444947970,2026-04-19,6.29,2,3.15
组23 工作室,HNN,/exp-app/scene/1972149814470684674,2026-04-19,6.54,2,3.27
组24 Dom,CHJ,/multisensory/power-dynamics/4724-understanding-dom-and-sub,2026-04-19,7.64,0,
组25 强迫休息,HNN,/exp-app/scene/2013638045763465217,2026-04-19,7.65,0,
组26 Surrender,HZM,/exp-app/scene/2034147121168449537,2026-04-19,10.64,0,
组27 performance,CHJ,/multisensory/sensory-immersion/4312-architecture-of-arousal,2026-04-19,11.0,0,
组28 牛角,HNN,/exp-app/scene/1968161107381112833,2026-04-19,8.81,4,2.20
组29 性爱疗愈,HZM,/multisensory/sexual-wellness/1474-can-sex-truly-alleviate-pain,2026-04-19,12.87,2,6.43
组30 流汗男,HNN,/exp-app/scene/1967788094903078914,2026-04-19,8.6,0,
组31 天使,HZM,/exp-app/scene/1968879137365995521,2026-04-19,13.49,2,6.75
组32 confidence,CHJ,/multisensory/power-dynamics/4314-art-of-instrument-mastering-sensual-blowjob-power-dynamics?page=2,2026-04-19,13.66,8,1.71
组4 Viennese Oyster,CHJ,/multisensory/power-dynamics/3923-architecture-of-depth-mastering-viennese-oyster-position,2026-04-20,15.29,7,2.18
组5 30 Positions,CHJ,/multisensory/most-positions/4690-30-adventurous-sex-positions-to-explore-with-your-partner,2026-04-20,17.69,8,2.21
组7 The best intimacy,CHJ,/multisensory/kink-fetish/4689-mastering-anilingus-sensual-guide-to-rimming-pleasure,2026-04-20,14.69,2,7.34
组8 山间,HNN,scene/680577,2026-04-20,8.44,0,
组9 金项圈,HNN,scene/578113,2026-04-20,8.29,0,
组15 Power Shift,HZM,scene/922306,2026-04-20,0.33,0,
组17 18 Sensual,CHJ,/multisensory/kink-fetish/4686-18-sensual-couch-sex-ideas-to-make-intimate-moments-feel-closer?page=1,2026-04-20,16.1,11,1.46
组18 红玫瑰,HNN,scene/613826,2026-04-20,9.32,0,
组19 Top Predator's,HZM,scene/922306,2026-04-20,0.37,0,
组20 A Softer,CHJ,/multisensory/solo-pleasure/4763-pillow-humping-essentials-guide-to-solo-pleasure,2026-04-20,18.58,8,2.32
组21 职场,HNN,/exp-app/scene/1977563229444947970,2026-04-20,1.77,0,
组22 Voyeurism,CHJ,/multisensory/voyeurism/735-seen-body-why-is-voyeurism,2026-04-20,11.04,0,
组23 工作室,HNN,/exp-app/scene/1972149814470684674,2026-04-20,0.34,1,0.34
组25 强迫休息,HNN,/exp-app/scene/2013638045763465217,2026-04-20,9.97,0,
组26 Surrender,HZM,/exp-app/scene/2034147121168449537,2026-04-20,9.27,0,
组27 performance,CHJ,/multisensory/sensory-immersion/4312-architecture-of-arousal,2026-04-20,11.09,2,5.54
组28 牛角,HNN,/exp-app/scene/1968161107381112833,2026-04-20,8.38,0,
组29 性爱疗愈,HZM,/multisensory/sexual-wellness/1474-can-sex-truly-alleviate-pain,2026-04-20,17.75,1,17.75
组30 流汗男,HNN,/exp-app/scene/1967788094903078914,2026-04-20,10.63,0,
组31 天使,HZM,/exp-app/scene/1968879137365995521,2026-04-20,13.83,0,
组32 confidence,CHJ,/multisensory/power-dynamics/4314-art-of-instrument-mastering-sensual-blowjob-power-dynamics?page=2,2026-04-20,13.81,4,3.45
组33 黑男,HNN,/exp-app/scene/2046070030933757953,2026-04-20,3.92,2,1.96
组35 15 Ideas,CHJ,/multisensory/forbidden-fruit/4424-architecture-of-surrender-15-ideas-for-safe-sensual-self-bondage?page=2,2026-04-20,4.93,2,2.46
组4 Viennese Oyster,CHJ,/multisensory/power-dynamics/3923-architecture-of-depth-mastering-viennese-oyster-position,2026-04-21,9.94,12,0.83
组5 30 Positions,CHJ,/multisensory/most-positions/4690-30-adventurous-sex-positions-to-explore-with-your-partner,2026-04-21,10.72,9,1.19
组7 The best intimacy,CHJ,/multisensory/kink-fetish/4689-mastering-anilingus-sensual-guide-to-rimming-pleasure,2026-04-21,10.77,5,2.15
组8 山间,HNN,scene/680577,2026-04-21,4.64,1,4.64
组17 18 Sensual,CHJ,/multisensory/kink-fetish/4686-18-sensual-couch-sex-ideas-to-make-intimate-moments-feel-closer?page=1,2026-04-21,8.88,17,0.52
组18 红玫瑰,HNN,scene/613826,2026-04-21,10.51,0,
组20 A Softer,CHJ,/multisensory/solo-pleasure/4763-pillow-humping-essentials-guide-to-solo-pleasure,2026-04-21,10.0,10,1.00
组22 Voyeurism,CHJ,/multisensory/voyeurism/735-seen-body-why-is-voyeurism,2026-04-21,13.3,1,13.30
组23 工作室,HNN,/exp-app/scene/1972149814470684674,2026-04-21,9.8,2,4.90
组25 强迫休息,HNN,/exp-app/scene/2013638045763465217,2026-04-21,24.72,1,24.72
组26 Surrender,HZM,/exp-app/scene/2034147121168449537,2026-04-21,6.86,0,
组27 performance,CHJ,/multisensory/sensory-immersion/4312-architecture-of-arousal,2026-04-21,7.55,3,2.52
组28 牛角,HNN,/exp-app/scene/1968161107381112833,2026-04-21,0.66,0,
组29 性爱疗愈,HZM,/multisensory/sexual-wellness/1474-can-sex-truly-alleviate-pain,2026-04-21,16.86,0,
组30 流汗男,HNN,/exp-app/scene/1967788094903078914,2026-04-21,13.46,0,
组31 天使,HZM,/exp-app/scene/1968879137365995521,2026-04-21,10.96,1,10.96
组32 confidence,CHJ,/multisensory/power-dynamics/4314-art-of-instrument-mastering-sensual-blowjob-power-dynamics?page=2,2026-04-21,7.57,5,1.51
组33 黑男,HNN,/exp-app/scene/2046070030933757953,2026-04-21,1.76,1,1.76
组34 银发男,HNN,/ja/exp-app/scene/2014393955091804162,2026-04-21,9.94,1,9.94
组35 15 Ideas,CHJ,/multisensory/forbidden-fruit/4424-architecture-of-surrender-15-ideas-for-safe-sensual-self-bondage?page=2,2026-04-21,8.94,0,
组36 女性高潮,HZM,/multisensory/womens-sexual-health/1541-how-to-tell-if-woman-has-truly-reached-orgasm-women-s-sexual?page=4,2026-04-21,21.65,3,7.22
组37 胸部高潮,HZM,/multisensory/kink-fetish/4687-mastering-nipple-play-how-to-build-sensual-pleasure-deeper-arousal?page=1,2026-04-21,26.39,1,26.39
组38 CRAVE AI,CHJ,/ai-sex-toys,2026-04-21,7.84,0,
组39 解锁高潮,HNN,/zh/multisensory/power-dynamics/2746-unlocking-thrill-of-ruined-orgasms-guide-to-orgasm-control-and?page=6,2026-04-21,5.05,1,5.05
组4 Viennese Oyster,CHJ,/multisensory/power-dynamics/3923-architecture-of-depth-mastering-viennese-oyster-position,2026-04-22,10.21,9,1.13
组5 30 Positions,CHJ,/multisensory/most-positions/4690-30-adventurous-sex-positions-to-explore-with-your-partner,2026-04-22,10.16,7,1.45
组7 The best intimacy,CHJ,/multisensory/kink-fetish/4689-mastering-anilingus-sensual-guide-to-rimming-pleasure,2026-04-22,10.42,9,1.16
组8 山间,HNN,scene/680577,2026-04-22,9.69,0,
组15 Power Shift,HZM,scene/922306,2026-04-22,9.57,0,
组17 18 Sensual,CHJ,/multisensory/kink-fetish/4686-18-sensual-couch-sex-ideas-to-make-intimate-moments-feel-closer?page=1,2026-04-22,12.37,15,0.82
组18 红玫瑰,HNN,scene/613826,2026-04-22,7.02,0,
组20 A Softer,CHJ,/multisensory/solo-pleasure/4763-pillow-humping-essentials-guide-to-solo-pleasure,2026-04-22,10.3,13,0.79
组22 Voyeurism,CHJ,/multisensory/voyeurism/735-seen-body-why-is-voyeurism,2026-04-22,14.04,0,
组23 工作室,HNN,/exp-app/scene/1972149814470684674,2026-04-22,9.76,3,3.25
组25 强迫休息,HNN,/exp-app/scene/2013638045763465217,2026-04-22,31.63,4,7.91
组26 Surrender,HZM,/exp-app/scene/2034147121168449537,2026-04-22,7.23,0,
组27 performance,CHJ,/multisensory/sensory-immersion/4312-architecture-of-arousal,2026-04-22,7.81,6,1.30
组28 牛角,HNN,/exp-app/scene/1968161107381112833,2026-04-22,0.48,1,0.48
组29 性爱疗愈,HZM,/multisensory/sexual-wellness/1474-can-sex-truly-alleviate-pain,2026-04-22,20.33,2,10.16
组30 流汗男,HNN,/exp-app/scene/1967788094903078914,2026-04-22,11.11,0,
组32 confidence,CHJ,/multisensory/power-dynamics/4314-art-of-instrument-mastering-sensual-blowjob-power-dynamics?page=2,2026-04-22,8.12,6,1.35
组33 黑男,HNN,/exp-app/scene/2046070030933757953,2026-04-22,0.72,0,
组34 银发男,HNN,/ja/exp-app/scene/2014393955091804162,2026-04-22,8.8,6,1.47
组35 15 Ideas,CHJ,/multisensory/forbidden-fruit/4424-architecture-of-surrender-15-ideas-for-safe-sensual-self-bondage?page=2,2026-04-22,9.15,3,3.05
组36 女性高潮,HZM,/multisensory/womens-sexual-health/1541-how-to-tell-if-woman-has-truly-reached-orgasm-women-s-sexual?page=4,2026-04-22,7.69,14,0.55
组37 胸部高潮,HZM,/multisensory/kink-fetish/4687-mastering-nipple-play-how-to-build-sensual-pleasure-deeper-arousal?page=1,2026-04-22,29.65,12,2.47
组38 CRAVE AI,CHJ,/ai-sex-toys,2026-04-22,9.98,8,1.25
组39 解锁高潮,HNN,/zh/multisensory/power-dynamics/2746-unlocking-thrill-of-ruined-orgasms-guide-to-orgasm-control-and?page=6,2026-04-22,13.9,8,1.74
组41 Most positions,CHJ,/multisensory/most-positions,2026-04-22,12.03,2,6.01
组4 Viennese Oyster,CHJ,/multisensory/power-dynamics/3923-architecture-of-depth-mastering-viennese-oyster-position,2026-04-23,9.92,11,0.90
组5 30 Positions,CHJ,/multisensory/most-positions/4690-30-adventurous-sex-positions-to-explore-with-your-partner,2026-04-23,12.77,15,0.85
组7 The best intimacy,CHJ,/multisensory/kink-fetish/4689-mastering-anilingus-sensual-guide-to-rimming-pleasure,2026-04-23,10.51,3,3.50
组8 山间,HNN,scene/680577,2026-04-23,7.44,0,
组15 Power Shift,HZM,scene/922306,2026-04-23,13.56,0,
组17 18 Sensual,CHJ,/multisensory/kink-fetish/4686-18-sensual-couch-sex-ideas-to-make-intimate-moments-feel-closer?page=1,2026-04-23,12.55,18,0.70
组19 Top Predator's,HZM,scene/922306,2026-04-23,12.98,0,
组20 A Softer,CHJ,/multisensory/solo-pleasure/4763-pillow-humping-essentials-guide-to-solo-pleasure,2026-04-23,10.68,9,1.19
组22 Voyeurism,CHJ,/multisensory/voyeurism/735-seen-body-why-is-voyeurism,2026-04-23,18.98,1,18.98
组26 Surrender,HZM,/exp-app/scene/2034147121168449537,2026-04-23,7.78,2,3.89
组27 performance,CHJ,/multisensory/sensory-immersion/4312-architecture-of-arousal,2026-04-23,8.8,10,0.88
组29 性爱疗愈,HZM,/multisensory/sexual-wellness/1474-can-sex-truly-alleviate-pain,2026-04-23,22.99,1,22.99
组32 confidence,CHJ,/multisensory/power-dynamics/4314-art-of-instrument-mastering-sensual-blowjob-power-dynamics?page=2,2026-04-23,9.09,4,2.27
组34 银发男,HNN,/ja/exp-app/scene/2014393955091804162,2026-04-23,7.15,3,2.38
组35 15 Ideas,CHJ,/multisensory/forbidden-fruit/4424-architecture-of-surrender-15-ideas-for-safe-sensual-self-bondage?page=2,2026-04-23,8.22,10,0.82
组36 女性高潮,HZM,/multisensory/womens-sexual-health/1541-how-to-tell-if-woman-has-truly-reached-orgasm-women-s-sexual?page=4,2026-04-23,2.94,10,0.29
组37 胸部高潮,HZM,/multisensory/kink-fetish/4687-mastering-nipple-play-how-to-build-sensual-pleasure-deeper-arousal?page=1,2026-04-23,20.61,13,1.59
组38 CRAVE AI,CHJ,/ai-sex-toys,2026-04-23,8.52,3,2.84
组39 解锁高潮,HNN,/zh/multisensory/power-dynamics/2746-unlocking-thrill-of-ruined-orgasms-guide-to-orgasm-control-and?page=6,2026-04-23,8.54,8,1.07
组40 举杯,HNN,/exp-app/scene/举杯,2026-04-23,7.97,0,
组41 Most positions,CHJ,/multisensory/most-positions,2026-04-23,10.97,15,0.73
组4 Viennese Oyster,CHJ,/multisensory/power-dynamics/3923-architecture-of-depth-mastering-viennese-oyster-position,2026-04-24,12.18,17,0.72
组5 30 Positions,CHJ,/multisensory/most-positions/4690-30-adventurous-sex-positions-to-explore-with-your-partner,2026-04-24,18.2,28,0.65
组7 The best intimacy,CHJ,/multisensory/kink-fetish/4689-mastering-anilingus-sensual-guide-to-rimming-pleasure,2026-04-24,12.1,13,0.93
组8 山间,HNN,scene/680577,2026-04-24,7.58,0,
组15 Power Shift,HZM,scene/922306,2026-04-24,0.6,0,
组17 18 Sensual,CHJ,/multisensory/kink-fetish/4686-18-sensual-couch-sex-ideas-to-make-intimate-moments-feel-closer?page=1,2026-04-24,18.25,42,0.43
组20 A Softer,CHJ,/multisensory/solo-pleasure/4763-pillow-humping-essentials-guide-to-solo-pleasure,2026-04-24,26.99,18,1.50
组26 Surrender,HZM,/exp-app/scene/2034147121168449537,2026-04-24,8.24,2,4.12
组27 performance,CHJ,/multisensory/sensory-immersion/4312-architecture-of-arousal,2026-04-24,10.28,6,1.71
组29 性爱疗愈,HZM,/multisensory/sexual-wellness/1474-can-sex-truly-alleviate-pain,2026-04-24,16.87,5,3.37
组32 confidence,CHJ,/multisensory/power-dynamics/4314-art-of-instrument-mastering-sensual-blowjob-power-dynamics?page=2,2026-04-24,12.53,5,2.51
组34 银发男,HNN,/ja/exp-app/scene/2014393955091804162,2026-04-24,7.79,4,1.95
组35 15 Ideas,CHJ,/multisensory/forbidden-fruit/4424-architecture-of-surrender-15-ideas-for-safe-sensual-self-bondage?page=2,2026-04-24,8.98,5,1.80
组36 女性高潮,HZM,/multisensory/womens-sexual-health/1541-how-to-tell-if-woman-has-truly-reached-orgasm-women-s-sexual?page=4,2026-04-24,16.6,10,1.66
组37 胸部高潮,HZM,/multisensory/kink-fetish/4687-mastering-nipple-play-how-to-build-sensual-pleasure-deeper-arousal?page=1,2026-04-24,11.6,1,11.60
组38 CRAVE AI,CHJ,/ai-sex-toys,2026-04-24,8.17,8,1.02
组39 解锁高潮,HNN,/zh/multisensory/power-dynamics/2746-unlocking-thrill-of-ruined-orgasms-guide-to-orgasm-control-and?page=6,2026-04-24,7.75,5,1.55
组40 举杯,HNN,/exp-app/scene/举杯,2026-04-24,11.01,0,
组41 Most positions,CHJ,/multisensory/most-positions,2026-04-24,10.65,10,1.06
组42 解说,HNN,https://www.creviatech.com/exp-app/scene/2037410140233203714?from=theater-more-stories,2026-04-24,11.12,0,
组43 hands-free,CHJ,https://www.creviatech.com/multisensory/roleplay/4764-hands-free-orgasms-exploring-deep-pleasure-body-awareness-and?page=1,2026-04-24,9.98,3,3.33
组44 泳池,HNN,/exp-app/scene/2047399614116618242?from=theater-more-stories,2026-04-24,8.49,0,
组4 Viennese Oyster,CHJ,/multisensory/power-dynamics/3923-architecture-of-depth-mastering-viennese-oyster-position,2026-04-25,11.2,10,1.12
组5 30 Positions,CHJ,/multisensory/most-positions/4690-30-adventurous-sex-positions-to-explore-with-your-partner,2026-04-25,16.19,21,0.77
组7 The best intimacy,CHJ,/multisensory/kink-fetish/4689-mastering-anilingus-sensual-guide-to-rimming-pleasure,2026-04-25,10.51,11,0.96
组8 山间,HNN,scene/680577,2026-04-25,7.38,0,
组17 18 Sensual,CHJ,/multisensory/kink-fetish/4686-18-sensual-couch-sex-ideas-to-make-intimate-moments-feel-closer?page=1,2026-04-25,15.7,28,0.56
组20 A Softer,CHJ,/multisensory/solo-pleasure/4763-pillow-humping-essentials-guide-to-solo-pleasure,2026-04-25,24.7,12,2.06
组26 Surrender,HZM,/exp-app/scene/2034147121168449537,2026-04-25,8.9,0,
组27 performance,CHJ,/multisensory/sensory-immersion/4312-architecture-of-arousal,2026-04-25,9.23,8,1.15
组29 性爱疗愈,HZM,/multisensory/sexual-wellness/1474-can-sex-truly-alleviate-pain,2026-04-25,12.81,0,
组32 confidence,CHJ,/multisensory/power-dynamics/4314-art-of-instrument-mastering-sensual-blowjob-power-dynamics?page=2,2026-04-25,11.11,4,2.78
组34 银发男,HNN,/ja/exp-app/scene/2014393955091804162,2026-04-25,8.15,6,1.36
组35 15 Ideas,CHJ,/multisensory/forbidden-fruit/4424-architecture-of-surrender-15-ideas-for-safe-sensual-self-bondage?page=2,2026-04-25,8.59,9,0.95
组36 女性高潮,HZM,/multisensory/womens-sexual-health/1541-how-to-tell-if-woman-has-truly-reached-orgasm-women-s-sexual?page=4,2026-04-25,23.75,5,4.75
组37 胸部高潮,HZM,/multisensory/kink-fetish/4687-mastering-nipple-play-how-to-build-sensual-pleasure-deeper-arousal?page=1,2026-04-25,29.14,1,29.14
组38 CRAVE AI,CHJ,/ai-sex-toys,2026-04-25,7.83,7,1.12
组39 解锁高潮,HNN,/zh/multisensory/power-dynamics/2746-unlocking-thrill-of-ruined-orgasms-guide-to-orgasm-control-and?page=6,2026-04-25,7.24,2,3.62
组40 举杯,HNN,/exp-app/scene/举杯,2026-04-25,8.21,0,
组41 Most positions,CHJ,/multisensory/most-positions,2026-04-25,11.21,4,2.80
组42 解说,HNN,https://www.creviatech.com/exp-app/scene/2037410140233203714?from=theater-more-stories,2026-04-25,7.1,2,3.55
组43 hands-free,CHJ,https://www.creviatech.com/multisensory/roleplay/4764-hands-free-orgasms-exploring-deep-pleasure-body-awareness-and?page=1,2026-04-25,9.24,5,1.85
组44 泳池,HNN,/exp-app/scene/2047399614116618242?from=theater-more-stories,2026-04-25,7.48,1,7.48
组4 Viennese Oyster,CHJ,/multisensory/power-dynamics/3923-architecture-of-depth-mastering-viennese-oyster-position,2026-04-26,4.52,8,0.56
组5 30 Positions,CHJ,/multisensory/most-positions/4690-30-adventurous-sex-positions-to-explore-with-your-partner,2026-04-26,4.92,18,0.27
组7 The best intimacy,CHJ,/multisensory/kink-fetish/4689-mastering-anilingus-sensual-guide-to-rimming-pleasure,2026-04-26,3.67,13,0.28
组8 山间,HNN,scene/680577,2026-04-26,8.06,0,
组17 18 Sensual,CHJ,/multisensory/kink-fetish/4686-18-sensual-couch-sex-ideas-to-make-intimate-moments-feel-closer?page=1,2026-04-26,4.51,32,0.14
组20 A Softer,CHJ,/multisensory/solo-pleasure/4763-pillow-humping-essentials-guide-to-solo-pleasure,2026-04-26,17.51,6,2.92
组26 Surrender,HZM,/exp-app/scene/2034147121168449537,2026-04-26,8.68,5,1.74
组27 performance,CHJ,/multisensory/sensory-immersion/4312-architecture-of-arousal,2026-04-26,2.86,10,0.29
组29 性爱疗愈,HZM,/multisensory/sexual-wellness/1474-can-sex-truly-alleviate-pain,2026-04-26,13.24,3,4.41
组32 confidence,CHJ,/multisensory/power-dynamics/4314-art-of-instrument-mastering-sensual-blowjob-power-dynamics?page=2,2026-04-26,4.27,6,0.71
组34 银发男,HNN,/ja/exp-app/scene/2014393955091804162,2026-04-26,5.96,6,0.99
组35 15 Ideas,CHJ,/multisensory/forbidden-fruit/4424-architecture-of-surrender-15-ideas-for-safe-sensual-self-bondage?page=2,2026-04-26,3.28,3,1.09
组36 女性高潮,HZM,/multisensory/womens-sexual-health/1541-how-to-tell-if-woman-has-truly-reached-orgasm-women-s-sexual?page=4,2026-04-26,20.37,0,
组37 胸部高潮,HZM,/multisensory/kink-fetish/4687-mastering-nipple-play-how-to-build-sensual-pleasure-deeper-arousal?page=1,2026-04-26,23.45,5,4.69
组38 CRAVE AI,CHJ,/ai-sex-toys,2026-04-26,3.71,4,0.93
组39 解锁高潮,HNN,/zh/multisensory/power-dynamics/2746-unlocking-thrill-of-ruined-orgasms-guide-to-orgasm-control-and?page=6,2026-04-26,9.55,1,9.55
组40 举杯,HNN,/exp-app/scene/举杯,2026-04-26,9.76,0,
组41 Most positions,CHJ,/multisensory/most-positions,2026-04-26,4.11,5,0.82
组42 解说,HNN,https://www.creviatech.com/exp-app/scene/2037410140233203714?from=theater-more-stories,2026-04-26,7.69,5,1.54
组43 hands-free,CHJ,https://www.creviatech.com/multisensory/roleplay/4764-hands-free-orgasms-exploring-deep-pleasure-body-awareness-and?page=1,2026-04-26,4.24,7,0.61
组44 泳池,HNN,/exp-app/scene/2047399614116618242?from=theater-more-stories,2026-04-26,11.19,0,
组46 五个产品合集,HZM,/ai-sex-toys,2026-04-26,0.51,0,
组47 直棒（🚫违规删除4/30）,HZM,/ai-sex-toys/1181025-shenyong,2026-04-26,1.66,0,
组48 弯棒,HZM,/ai-sex-toys/1181026-twin-pact,2026-04-26,1.92,0,
组50 蘑菇,HZM,/ai-sex-toys/1181028-that-first-flutter,2026-04-26,1.52,0,
组51 八爪鱼,HZM,/ai-sex-toys/1181027-intimate-connection,2026-04-26,1.86,0,
组4 Viennese Oyster,CHJ,/multisensory/power-dynamics/3923-architecture-of-depth-mastering-viennese-oyster-position,2026-04-27,11.33,8,1.42
组5 30 Positions,CHJ,/multisensory/most-positions/4690-30-adventurous-sex-positions-to-explore-with-your-partner,2026-04-27,16.09,18,0.89
组7 The best intimacy,CHJ,/multisensory/kink-fetish/4689-mastering-anilingus-sensual-guide-to-rimming-pleasure,2026-04-27,14.1,12,1.18
组8 山间,HNN,scene/680577,2026-04-27,6.6,0,
组17 18 Sensual,CHJ,/multisensory/kink-fetish/4686-18-sensual-couch-sex-ideas-to-make-intimate-moments-feel-closer?page=1,2026-04-27,16.06,32,0.50
组18 红玫瑰,HNN,scene/613826,2026-04-27,8.4,0,
组20 A Softer,CHJ,/multisensory/solo-pleasure/4763-pillow-humping-essentials-guide-to-solo-pleasure,2026-04-27,15.31,6,2.55
组22 Voyeurism,CHJ,/multisensory/voyeurism/735-seen-body-why-is-voyeurism,2026-04-27,7.55,2,3.77
组25 强迫休息,HNN,/exp-app/scene/2013638045763465217,2026-04-27,0.0,2,0.00
组26 Surrender,HZM,/exp-app/scene/2034147121168449537,2026-04-27,0.44,0,
组27 performance,CHJ,/multisensory/sensory-immersion/4312-architecture-of-arousal,2026-04-27,7.81,10,0.78
组28 牛角,HNN,/exp-app/scene/1968161107381112833,2026-04-27,6.65,1,6.65
组29 性爱疗愈,HZM,/multisensory/sexual-wellness/1474-can-sex-truly-alleviate-pain,2026-04-27,10.91,3,3.64
组30 流汗男,HNN,/exp-app/scene/1967788094903078914,2026-04-27,9.08,0,
组32 confidence,CHJ,/multisensory/power-dynamics/4314-art-of-instrument-mastering-sensual-blowjob-power-dynamics?page=2,2026-04-27,8.71,6,1.45
组34 银发男,HNN,/ja/exp-app/scene/2014393955091804162,2026-04-27,5.32,6,0.89
组35 15 Ideas,CHJ,/multisensory/forbidden-fruit/4424-architecture-of-surrender-15-ideas-for-safe-sensual-self-bondage?page=2,2026-04-27,6.73,3,2.24
组36 女性高潮,HZM,/multisensory/womens-sexual-health/1541-how-to-tell-if-woman-has-truly-reached-orgasm-women-s-sexual?page=4,2026-04-27,0.0,5,0.00
组37 胸部高潮,HZM,/multisensory/kink-fetish/4687-mastering-nipple-play-how-to-build-sensual-pleasure-deeper-arousal?page=1,2026-04-27,22.04,5,4.41
组38 CRAVE AI,CHJ,/ai-sex-toys,2026-04-27,7.03,4,1.76
组39 解锁高潮,HNN,/zh/multisensory/power-dynamics/2746-unlocking-thrill-of-ruined-orgasms-guide-to-orgasm-control-and?page=6,2026-04-27,7.06,1,7.06
组40 举杯,HNN,/exp-app/scene/举杯,2026-04-27,7.42,0,
组41 Most positions,CHJ,/multisensory/most-positions,2026-04-27,11.72,5,2.34
组42 解说,HNN,https://www.creviatech.com/exp-app/scene/2037410140233203714?from=theater-more-stories,2026-04-27,7.25,5,1.45
组43 hands-free,CHJ,https://www.creviatech.com/multisensory/roleplay/4764-hands-free-orgasms-exploring-deep-pleasure-body-awareness-and?page=1,2026-04-27,11.51,6,1.92
组44 泳池,HNN,/exp-app/scene/2047399614116618242?from=theater-more-stories,2026-04-27,8.57,0,
组45 11种方式,HNN,/multisensory/forbidden-fruit/4725-11-gentle-femdom-ideas-to-deepen-trust-pleasure-and-intimate?page=1,2026-04-27,8.95,0,
组46 五个产品合集,HZM,/ai-sex-toys,2026-04-27,1.28,0,
组47 直棒（🚫违规删除4/30）,HZM,/ai-sex-toys/1181025-shenyong,2026-04-27,7.42,0,
组48 弯棒,HZM,/ai-sex-toys/1181026-twin-pact,2026-04-27,3.71,0,
组49 肛塞,HZM,/ai-sex-toys/1181029-trembling-secret,2026-04-27,3.61,0,
组50 蘑菇,HZM,/ai-sex-toys/1181028-that-first-flutter,2026-04-27,3.58,0,
组51 八爪鱼,HZM,/ai-sex-toys/1181027-intimate-connection,2026-04-27,1.51,0,
组4 Viennese Oyster,CHJ,/multisensory/power-dynamics/3923-architecture-of-depth-mastering-viennese-oyster-position,2026-04-28,9.58,5,1.92
组5 30 Positions,CHJ,/multisensory/most-positions/4690-30-adventurous-sex-positions-to-explore-with-your-partner,2026-04-28,13.5,18,0.75
组7 The best intimacy,CHJ,/multisensory/kink-fetish/4689-mastering-anilingus-sensual-guide-to-rimming-pleasure,2026-04-28,10.77,12,0.90
组8 山间,HNN,scene/680577,2026-04-28,5.45,0,
组17 18 Sensual,CHJ,/multisensory/kink-fetish/4686-18-sensual-couch-sex-ideas-to-make-intimate-moments-feel-closer?page=1,2026-04-28,13.99,36,0.39
组18 红玫瑰,HNN,scene/613826,2026-04-28,0.0,1,0.00
组20 A Softer,CHJ,/multisensory/solo-pleasure/4763-pillow-humping-essentials-guide-to-solo-pleasure,2026-04-28,12.7,6,2.12
组25 强迫休息,HNN,/exp-app/scene/2013638045763465217,2026-04-28,0.0,1,0.00
组27 performance,CHJ,/multisensory/sensory-immersion/4312-architecture-of-arousal,2026-04-28,6.1,7,0.87
组28 牛角,HNN,/exp-app/scene/1968161107381112833,2026-04-28,0.0,1,0.00
组30 流汗男,HNN,/exp-app/scene/1967788094903078914,2026-04-28,6.86,0,
组32 confidence,CHJ,/multisensory/power-dynamics/4314-art-of-instrument-mastering-sensual-blowjob-power-dynamics?page=2,2026-04-28,6.21,3,2.07
组34 银发男,HNN,/ja/exp-app/scene/2014393955091804162,2026-04-28,6.2,4,1.55
组35 15 Ideas,CHJ,/multisensory/forbidden-fruit/4424-architecture-of-surrender-15-ideas-for-safe-sensual-self-bondage?page=2,2026-04-28,5.89,2,2.94
组36 女性高潮,HZM,/multisensory/womens-sexual-health/1541-how-to-tell-if-woman-has-truly-reached-orgasm-women-s-sexual?page=4,2026-04-28,36.76,7,5.25
组38 CRAVE AI,CHJ,/ai-sex-toys,2026-04-28,6.03,2,3.02
组39 解锁高潮,HNN,/zh/multisensory/power-dynamics/2746-unlocking-thrill-of-ruined-orgasms-guide-to-orgasm-control-and?page=6,2026-04-28,0.0,2,0.00
组40 举杯,HNN,/exp-app/scene/举杯,2026-04-28,5.05,1,5.05
组41 Most positions,CHJ,/multisensory/most-positions,2026-04-28,9.17,7,1.31
组42 解说,HNN,https://www.creviatech.com/exp-app/scene/2037410140233203714?from=theater-more-stories,2026-04-28,7.06,1,7.06
组43 hands-free,CHJ,https://www.creviatech.com/multisensory/roleplay/4764-hands-free-orgasms-exploring-deep-pleasure-body-awareness-and?page=1,2026-04-28,8.03,11,0.73
组44 泳池,HNN,/exp-app/scene/2047399614116618242?from=theater-more-stories,2026-04-28,8.62,0,
组45 11种方式,HNN,/multisensory/forbidden-fruit/4725-11-gentle-femdom-ideas-to-deepen-trust-pleasure-and-intimate?page=1,2026-04-28,9.07,1,9.07
组46 五个产品合集,HZM,/ai-sex-toys,2026-04-28,0.97,0,
组47 直棒（🚫违规删除4/30）,HZM,/ai-sex-toys/1181025-shenyong,2026-04-28,9.25,6,1.54
组48 弯棒,HZM,/ai-sex-toys/1181026-twin-pact,2026-04-28,13.5,6,2.25
组49 肛塞,HZM,/ai-sex-toys/1181029-trembling-secret,2026-04-28,17.78,8,2.22
组50 蘑菇,HZM,/ai-sex-toys/1181028-that-first-flutter,2026-04-28,9.13,2,4.57
组51 八爪鱼,HZM,/ai-sex-toys/1181027-intimate-connection,2026-04-28,5.58,2,2.79
组52 掌握眼神,HNN,https://www.creviatech.com/multisensory/sensory-immersion/4494-architecture-of-gaze-mastering-eye-contact-for-deep-intimacy?page=2,2026-04-28,7.29,0,
组53 （Piledriver Position）,CHJ,https://www.creviatech.com/multisensory/power-dynamics/3925-apex-of-depth-mastering-piledriver-position-power-dynamics?page=3,2026-04-28,6.46,0,
组4 Viennese Oyster,CHJ,/multisensory/power-dynamics/3923-architecture-of-depth-mastering-viennese-oyster-position,2026-04-29,10.47,4,2.62
组5 30 Positions,CHJ,/multisensory/most-positions/4690-30-adventurous-sex-positions-to-explore-with-your-partner,2026-04-29,14.78,12,1.23
组7 The best intimacy,CHJ,/multisensory/kink-fetish/4689-mastering-anilingus-sensual-guide-to-rimming-pleasure,2026-04-29,10.47,2,5.24
组8 山间,HNN,scene/680577,2026-04-29,4.61,0,
组17 18 Sensual,CHJ,/multisensory/kink-fetish/4686-18-sensual-couch-sex-ideas-to-make-intimate-moments-feel-closer?page=1,2026-04-29,16.64,26,0.64
组20 A Softer,CHJ,/multisensory/solo-pleasure/4763-pillow-humping-essentials-guide-to-solo-pleasure,2026-04-29,12.64,0,
组27 performance,CHJ,/multisensory/sensory-immersion/4312-architecture-of-arousal,2026-04-29,6.39,3,2.13
组32 confidence,CHJ,/multisensory/power-dynamics/4314-art-of-instrument-mastering-sensual-blowjob-power-dynamics?page=2,2026-04-29,6.51,0,
组34 银发男,HNN,/ja/exp-app/scene/2014393955091804162,2026-04-29,5.61,6,0.94
组35 15 Ideas,CHJ,/multisensory/forbidden-fruit/4424-architecture-of-surrender-15-ideas-for-safe-sensual-self-bondage?page=2,2026-04-29,6.73,4,1.68
组36 女性高潮,HZM,/multisensory/womens-sexual-health/1541-how-to-tell-if-woman-has-truly-reached-orgasm-women-s-sexual?page=4,2026-04-29,7.52,0,
组37 胸部高潮,HZM,/multisensory/kink-fetish/4687-mastering-nipple-play-how-to-build-sensual-pleasure-deeper-arousal?page=1,2026-04-29,15.96,0,
组38 CRAVE AI,CHJ,/ai-sex-toys,2026-04-29,6.62,5,1.32
组40 举杯,HNN,/exp-app/scene/举杯,2026-04-29,0.04,0,
组41 Most positions,CHJ,/multisensory/most-positions,2026-04-29,10.45,5,2.09
组42 解说,HNN,https://www.creviatech.com/exp-app/scene/2037410140233203714?from=theater-more-stories,2026-04-29,6.1,4,1.52
组43 hands-free,CHJ,https://www.creviatech.com/multisensory/roleplay/4764-hands-free-orgasms-exploring-deep-pleasure-body-awareness-and?page=1,2026-04-29,8.91,5,1.78
组44 泳池,HNN,/exp-app/scene/2047399614116618242?from=theater-more-stories,2026-04-29,6.32,0,
组45 11种方式,HNN,/multisensory/forbidden-fruit/4725-11-gentle-femdom-ideas-to-deepen-trust-pleasure-and-intimate?page=1,2026-04-29,8.38,0,
组46 五个产品合集,HZM,/ai-sex-toys,2026-04-29,0.21,0,
组47 直棒（🚫违规删除4/30）,HZM,/ai-sex-toys/1181025-shenyong,2026-04-29,4.58,3,1.53
组48 弯棒,HZM,/ai-sex-toys/1181026-twin-pact,2026-04-29,5.48,9,0.61
组49 肛塞,HZM,/ai-sex-toys/1181029-trembling-secret,2026-04-29,7.64,8,0.95
组50 蘑菇,HZM,/ai-sex-toys/1181028-that-first-flutter,2026-04-29,3.96,12,0.33
组51 八爪鱼,HZM,/ai-sex-toys/1181027-intimate-connection,2026-04-29,2.94,3,0.98
组52 掌握眼神,HNN,https://www.creviatech.com/multisensory/sensory-immersion/4494-architecture-of-gaze-mastering-eye-contact-for-deep-intimacy?page=2,2026-04-29,7.74,2,3.87
组53 （Piledriver Position）,CHJ,https://www.creviatech.com/multisensory/power-dynamics/3925-apex-of-depth-mastering-piledriver-position-power-dynamics?page=3,2026-04-29,8.9,7,1.27
组55（vulvas vary naturally）,CHJ,https://www.creviatech.com/multisensory/forbidden-fruit/4422-anatomy-of-normal-embracing-endless-diversity-of-vulva-forbidden?page=3,2026-04-29,8.13,2,4.07
组4 Viennese Oyster,CHJ,/multisensory/power-dynamics/3923-architecture-of-depth-mastering-viennese-oyster-position,2026-04-30,8.41,9,0.93
组5 30 Positions,CHJ,/multisensory/most-positions/4690-30-adventurous-sex-positions-to-explore-with-your-partner,2026-04-30,25.43,7,3.63
组7 The best intimacy,CHJ,/multisensory/kink-fetish/4689-mastering-anilingus-sensual-guide-to-rimming-pleasure,2026-04-30,11.2,16,0.70
组8 山间,HNN,scene/680577,2026-04-30,5.14,0,
组13 college secrecy,CHJ,scene/866241,2026-04-30,0.0,1,0.00
组16 敲门,HNN,scene/531778,2026-04-30,0.0,1,0.00
组17 18 Sensual,CHJ,/multisensory/kink-fetish/4686-18-sensual-couch-sex-ideas-to-make-intimate-moments-feel-closer?page=1,2026-04-30,23.84,25,0.95
组20 A Softer,CHJ,/multisensory/solo-pleasure/4763-pillow-humping-essentials-guide-to-solo-pleasure,2026-04-30,0.36,3,0.12
组27 performance,CHJ,/multisensory/sensory-immersion/4312-architecture-of-arousal,2026-04-30,7.64,8,0.95
组32 confidence,CHJ,/multisensory/power-dynamics/4314-art-of-instrument-mastering-sensual-blowjob-power-dynamics?page=2,2026-04-30,0.3,5,0.06
组34 银发男,HNN,/ja/exp-app/scene/2014393955091804162,2026-04-30,7.93,0,
组35 15 Ideas,CHJ,/multisensory/forbidden-fruit/4424-architecture-of-surrender-15-ideas-for-safe-sensual-self-bondage?page=2,2026-04-30,0.57,6,0.09
组36 女性高潮,HZM,/multisensory/womens-sexual-health/1541-how-to-tell-if-woman-has-truly-reached-orgasm-women-s-sexual?page=4,2026-04-30,7.98,3,2.66
组37 胸部高潮,HZM,/multisensory/kink-fetish/4687-mastering-nipple-play-how-to-build-sensual-pleasure-deeper-arousal?page=1,2026-04-30,30.12,0,
组38 CRAVE AI,CHJ,/ai-sex-toys,2026-04-30,0.29,1,0.29
组39 解锁高潮,HNN,/zh/multisensory/power-dynamics/2746-unlocking-thrill-of-ruined-orgasms-guide-to-orgasm-control-and?page=6,2026-04-30,0.0,1,0.00
组41 Most positions,CHJ,/multisensory/most-positions,2026-04-30,10.88,8,1.36
组42 解说,HNN,https://www.creviatech.com/exp-app/scene/2037410140233203714?from=theater-more-stories,2026-04-30,3.61,1,3.61
组43 hands-free,CHJ,https://www.creviatech.com/multisensory/roleplay/4764-hands-free-orgasms-exploring-deep-pleasure-body-awareness-and?page=1,2026-04-30,12.3,6,2.05
组44 泳池,HNN,/exp-app/scene/2047399614116618242?from=theater-more-stories,2026-04-30,7.93,0,
组45 11种方式,HNN,/multisensory/forbidden-fruit/4725-11-gentle-femdom-ideas-to-deepen-trust-pleasure-and-intimate?page=1,2026-04-30,10.8,0,
组47 直棒（🚫违规删除4/30）,HZM,/ai-sex-toys/1181025-shenyong,2026-04-30,0.0,1,0.00
组48 弯棒,HZM,/ai-sex-toys/1181026-twin-pact,2026-04-30,0.0,9,0.00
组49 肛塞,HZM,/ai-sex-toys/1181029-trembling-secret,2026-04-30,0.0,3,0.00
组50 蘑菇,HZM,/ai-sex-toys/1181028-that-first-flutter,2026-04-30,0.0,2,0.00
组51 八爪鱼,HZM,/ai-sex-toys/1181027-intimate-connection,2026-04-30,0.0,1,0.00
组52 掌握眼神,HNN,https://www.creviatech.com/multisensory/sensory-immersion/4494-architecture-of-gaze-mastering-eye-contact-for-deep-intimacy?page=2,2026-04-30,11.71,1,11.71
组53 （Piledriver Position）,CHJ,https://www.creviatech.com/multisensory/power-dynamics/3925-apex-of-depth-mastering-piledriver-position-power-dynamics?page=3,2026-04-30,1.18,4,0.29
组54  樱花,HNN,https://www.creviatech.com/ja/exp-app/scene/2039221547477065729?from=theater-more-stories,2026-04-30,7.56,0,
组55（vulvas vary naturally）,CHJ,https://www.creviatech.com/multisensory/forbidden-fruit/4422-anatomy-of-normal-embracing-endless-diversity-of-vulva-forbidden?page=3,2026-04-30,0.28,4,0.07
组4 Viennese Oyster,CHJ,/multisensory/power-dynamics/3923-architecture-of-depth-mastering-viennese-oyster-position,2026-05-01,7.51,8,0.94
组5 30 Positions,CHJ,/multisensory/most-positions/4690-30-adventurous-sex-positions-to-explore-with-your-partner,2026-05-01,23.41,14,1.67
组7 The best intimacy,CHJ,/multisensory/kink-fetish/4689-mastering-anilingus-sensual-guide-to-rimming-pleasure,2026-05-01,10.2,5,2.04
组17 18 Sensual,CHJ,/multisensory/kink-fetish/4686-18-sensual-couch-sex-ideas-to-make-intimate-moments-feel-closer?page=1,2026-05-01,25.18,30,0.84
组20 A Softer,CHJ,/multisensory/solo-pleasure/4763-pillow-humping-essentials-guide-to-solo-pleasure,2026-05-01,0.0,3,0.00
组27 performance,CHJ,/multisensory/sensory-immersion/4312-architecture-of-arousal,2026-05-01,7.46,3,2.49
组32 confidence,CHJ,/multisensory/power-dynamics/4314-art-of-instrument-mastering-sensual-blowjob-power-dynamics?page=2,2026-05-01,0.0,2,0.00
组33 黑男,HNN,/exp-app/scene/2046070030933757953,2026-05-01,0.0,1,0.00
组34 银发男,HNN,/ja/exp-app/scene/2014393955091804162,2026-05-01,8.0,2,4.00
组35 15 Ideas,CHJ,/multisensory/forbidden-fruit/4424-architecture-of-surrender-15-ideas-for-safe-sensual-self-bondage?page=2,2026-05-01,0.0,6,0.00
组36 女性高潮,HZM,/multisensory/womens-sexual-health/1541-how-to-tell-if-woman-has-truly-reached-orgasm-women-s-sexual?page=4,2026-05-01,10.5,3,3.50
组38 CRAVE AI,CHJ,/ai-sex-toys,2026-05-01,0.0,1,0.00
组41 Most positions,CHJ,/multisensory/most-positions,2026-05-01,9.27,9,1.03
组42 解说,HNN,https://www.creviatech.com/exp-app/scene/2037410140233203714?from=theater-more-stories,2026-05-01,0.0,1,0.00
组43 hands-free,CHJ,https://www.creviatech.com/multisensory/roleplay/4764-hands-free-orgasms-exploring-deep-pleasure-body-awareness-and?page=1,2026-05-01,0.0,2,0.00
组44 泳池,HNN,/exp-app/scene/2047399614116618242?from=theater-more-stories,2026-05-01,2.43,0,
组45 11种方式,HNN,/multisensory/forbidden-fruit/4725-11-gentle-femdom-ideas-to-deepen-trust-pleasure-and-intimate?page=1,2026-05-01,9.26,0,
组47 直棒（🚫违规删除4/30）,HZM,/ai-sex-toys/1181025-shenyong,2026-05-01,0.0,1,0.00
组49 肛塞,HZM,/ai-sex-toys/1181029-trembling-secret,2026-05-01,0.0,3,0.00
组50 蘑菇,HZM,/ai-sex-toys/1181028-that-first-flutter,2026-05-01,0.0,2,0.00
组51 八爪鱼,HZM,/ai-sex-toys/1181027-intimate-connection,2026-05-01,0.0,1,0.00
组52 掌握眼神,HNN,https://www.creviatech.com/multisensory/sensory-immersion/4494-architecture-of-gaze-mastering-eye-contact-for-deep-intimacy?page=2,2026-05-01,8.13,1,8.13
组54  樱花,HNN,https://www.creviatech.com/ja/exp-app/scene/2039221547477065729?from=theater-more-stories,2026-05-01,9.35,0,
组4 Viennese Oyster,CHJ,/multisensory/power-dynamics/3923-architecture-of-depth-mastering-viennese-oyster-position,2026-05-02,7.54,2,3.77
组5 30 Positions,CHJ,/multisensory/most-positions/4690-30-adventurous-sex-positions-to-explore-with-your-partner,2026-05-02,23.5,12,1.96
组7 The best intimacy,CHJ,/multisensory/kink-fetish/4689-mastering-anilingus-sensual-guide-to-rimming-pleasure,2026-05-02,10.05,5,2.01
组17 18 Sensual,CHJ,/multisensory/kink-fetish/4686-18-sensual-couch-sex-ideas-to-make-intimate-moments-feel-closer?page=1,2026-05-02,22.56,20,1.13
组27 performance,CHJ,/multisensory/sensory-immersion/4312-architecture-of-arousal,2026-05-02,7.45,1,7.45
组32 confidence,CHJ,/multisensory/power-dynamics/4314-art-of-instrument-mastering-sensual-blowjob-power-dynamics?page=2,2026-05-02,0.0,2,0.00
组34 银发男,HNN,/ja/exp-app/scene/2014393955091804162,2026-05-02,7.66,0,
组36 女性高潮,HZM,/multisensory/womens-sexual-health/1541-how-to-tell-if-woman-has-truly-reached-orgasm-women-s-sexual?page=4,2026-05-02,0.0,3,0.00
组41 Most positions,CHJ,/multisensory/most-positions,2026-05-02,8.84,7,1.26
组43 hands-free,CHJ,https://www.creviatech.com/multisensory/roleplay/4764-hands-free-orgasms-exploring-deep-pleasure-body-awareness-and?page=1,2026-05-02,0.0,1,0.00
组45 11种方式,HNN,/multisensory/forbidden-fruit/4725-11-gentle-femdom-ideas-to-deepen-trust-pleasure-and-intimate?page=1,2026-05-02,8.11,0,
组52 掌握眼神,HNN,https://www.creviatech.com/multisensory/sensory-immersion/4494-architecture-of-gaze-mastering-eye-contact-for-deep-intimacy?page=2,2026-05-02,11.0,0,
组54  樱花,HNN,https://www.creviatech.com/ja/exp-app/scene/2039221547477065729?from=theater-more-stories,2026-05-02,6.62,0,
组4 Viennese Oyster,CHJ,/multisensory/power-dynamics/3923-architecture-of-depth-mastering-viennese-oyster-position,2026-05-03,9.74,6,1.62
组5 30 Positions,CHJ,/multisensory/most-positions/4690-30-adventurous-sex-positions-to-explore-with-your-partner,2026-05-03,29.69,27,1.10
组7 The best intimacy,CHJ,/multisensory/kink-fetish/4689-mastering-anilingus-sensual-guide-to-rimming-pleasure,2026-05-03,13.65,17,0.80
组17 18 Sensual,CHJ,/multisensory/kink-fetish/4686-18-sensual-couch-sex-ideas-to-make-intimate-moments-feel-closer?page=1,2026-05-03,29.42,43,0.68
组20 A Softer,CHJ,/multisensory/solo-pleasure/4763-pillow-humping-essentials-guide-to-solo-pleasure,2026-05-03,0.0,3,0.00
组27 performance,CHJ,/multisensory/sensory-immersion/4312-architecture-of-arousal,2026-05-03,9.66,3,3.22
组29 性爱疗愈,HZM,/multisensory/sexual-wellness/1474-can-sex-truly-alleviate-pain,2026-05-03,0.0,1,0.00
组30 流汗男,HNN,/exp-app/scene/1967788094903078914,2026-05-03,0.0,1,0.00
组34 银发男,HNN,/ja/exp-app/scene/2014393955091804162,2026-05-03,0.0,1,0.00
组38 CRAVE AI,CHJ,/ai-sex-toys,2026-05-03,0.0,1,0.00
组41 Most positions,CHJ,/multisensory/most-positions,2026-05-03,11.58,9,1.29
组43 hands-free,CHJ,https://www.creviatech.com/multisensory/roleplay/4764-hands-free-orgasms-exploring-deep-pleasure-body-awareness-and?page=1,2026-05-03,0.0,1,0.00
组45 11种方式,HNN,/multisensory/forbidden-fruit/4725-11-gentle-femdom-ideas-to-deepen-trust-pleasure-and-intimate?page=1,2026-05-03,10.85,0,
组52 掌握眼神,HNN,https://www.creviatech.com/multisensory/sensory-immersion/4494-architecture-of-gaze-mastering-eye-contact-for-deep-intimacy?page=2,2026-05-03,10.6,4,2.65
组54  樱花,HNN,https://www.creviatech.com/ja/exp-app/scene/2039221547477065729?from=theater-more-stories,2026-05-03,11.22,0,
组4 Viennese Oyster,CHJ,/multisensory/power-dynamics/3923-architecture-of-depth-mastering-viennese-oyster-position,2026-05-04,8.42,9,0.94
组5 30 Positions,CHJ,/multisensory/most-positions/4690-30-adventurous-sex-positions-to-explore-with-your-partner,2026-05-04,27.12,23,1.18
组7 The best intimacy,CHJ,/multisensory/kink-fetish/4689-mastering-anilingus-sensual-guide-to-rimming-pleasure,2026-05-04,11.05,14,0.79
组9 金项圈,HNN,scene/578113,2026-05-04,0.0,1,0.00
组14 女性专栏,HNN,/multisensory/womens-sexual-health/3186-how-to-choose-right-sex-toy-for-women,2026-05-04,0.0,1,0.00
组17 18 Sensual,CHJ,/multisensory/kink-fetish/4686-18-sensual-couch-sex-ideas-to-make-intimate-moments-feel-closer?page=1,2026-05-04,26.36,69,0.38
组20 A Softer,CHJ,/multisensory/solo-pleasure/4763-pillow-humping-essentials-guide-to-solo-pleasure,2026-05-04,0.0,3,0.00
组27 performance,CHJ,/multisensory/sensory-immersion/4312-architecture-of-arousal,2026-05-04,8.27,8,1.03
组34 银发男,HNN,/ja/exp-app/scene/2014393955091804162,2026-05-04,0.0,1,0.00
组36 女性高潮,HZM,/multisensory/womens-sexual-health/1541-how-to-tell-if-woman-has-truly-reached-orgasm-women-s-sexual?page=4,2026-05-04,0.0,1,0.00
组38 CRAVE AI,CHJ,/ai-sex-toys,2026-05-04,0.0,1,0.00
组39 解锁高潮,HNN,/zh/multisensory/power-dynamics/2746-unlocking-thrill-of-ruined-orgasms-guide-to-orgasm-control-and?page=6,2026-05-04,0.0,1,0.00
组41 Most positions,CHJ,/multisensory/most-positions,2026-05-04,10.71,8,1.34
组43 hands-free,CHJ,https://www.creviatech.com/multisensory/roleplay/4764-hands-free-orgasms-exploring-deep-pleasure-body-awareness-and?page=1,2026-05-04,0.0,1,0.00
组45 11种方式,HNN,/multisensory/forbidden-fruit/4725-11-gentle-femdom-ideas-to-deepen-trust-pleasure-and-intimate?page=1,2026-05-04,9.02,3,3.01
组52 掌握眼神,HNN,https://www.creviatech.com/multisensory/sensory-immersion/4494-architecture-of-gaze-mastering-eye-contact-for-deep-intimacy?page=2,2026-05-04,6.89,1,6.89
组54  樱花,HNN,https://www.creviatech.com/ja/exp-app/scene/2039221547477065729?from=theater-more-stories,2026-05-04,9.96,0,
组4 Viennese Oyster,CHJ,/multisensory/power-dynamics/3923-architecture-of-depth-mastering-viennese-oyster-position,2026-05-05,4.45,1,4.45
组5 30 Positions,CHJ,/multisensory/most-positions/4690-30-adventurous-sex-positions-to-explore-with-your-partner,2026-05-05,12.58,3,4.19
组7 The best intimacy,CHJ,/multisensory/kink-fetish/4689-mastering-anilingus-sensual-guide-to-rimming-pleasure,2026-05-05,6.11,3,2.04
组17 18 Sensual,CHJ,/multisensory/kink-fetish/4686-18-sensual-couch-sex-ideas-to-make-intimate-moments-feel-closer?page=1,2026-05-05,12.36,10,1.24
组18 红玫瑰,HNN,scene/613826,2026-05-05,0.0,1,0.00
组20 A Softer,CHJ,/multisensory/solo-pleasure/4763-pillow-humping-essentials-guide-to-solo-pleasure,2026-05-05,0.0,1,0.00
组27 performance,CHJ,/multisensory/sensory-immersion/4312-architecture-of-arousal,2026-05-05,4.26,2,2.13
组32 confidence,CHJ,/multisensory/power-dynamics/4314-art-of-instrument-mastering-sensual-blowjob-power-dynamics?page=2,2026-05-05,0.0,1,0.00
组36 女性高潮,HZM,/multisensory/womens-sexual-health/1541-how-to-tell-if-woman-has-truly-reached-orgasm-women-s-sexual?page=4,2026-05-05,0.0,1,0.00
组38 CRAVE AI,CHJ,/ai-sex-toys,2026-05-05,0.0,1,0.00
组39 解锁高潮,HNN,/zh/multisensory/power-dynamics/2746-unlocking-thrill-of-ruined-orgasms-guide-to-orgasm-control-and?page=6,2026-05-05,0.0,1,0.00
组41 Most positions,CHJ,/multisensory/most-positions,2026-05-05,4.91,2,2.46
组43 hands-free,CHJ,https://www.creviatech.com/multisensory/roleplay/4764-hands-free-orgasms-exploring-deep-pleasure-body-awareness-and?page=1,2026-05-05,0.0,1,0.00
组45 11种方式,HNN,/multisensory/forbidden-fruit/4725-11-gentle-femdom-ideas-to-deepen-trust-pleasure-and-intimate?page=1,2026-05-05,0.0,3,0.00
组52 掌握眼神,HNN,https://www.creviatech.com/multisensory/sensory-immersion/4494-architecture-of-gaze-mastering-eye-contact-for-deep-intimacy?page=2,2026-05-05,0.0,1,0.00
组54  樱花,HNN,https://www.creviatech.com/ja/exp-app/scene/2039221547477065729?from=theater-more-stories,2026-05-05,7.35,0,
组4 Viennese Oyster,CHJ,/multisensory/power-dynamics/3923-architecture-of-depth-mastering-viennese-oyster-position,2026-05-06,6.15,6,1.03
组5 30 Positions,CHJ,/multisensory/most-positions/4690-30-adventurous-sex-positions-to-explore-with-your-partner,2026-05-06,20.3,12,1.69
组7 The best intimacy,CHJ,/multisensory/kink-fetish/4689-mastering-anilingus-sensual-guide-to-rimming-pleasure,2026-05-06,8.32,6,1.39
组17 18 Sensual,CHJ,/multisensory/kink-fetish/4686-18-sensual-couch-sex-ideas-to-make-intimate-moments-feel-closer?page=1,2026-05-06,21.63,15,1.44
组20 A Softer,CHJ,/multisensory/solo-pleasure/4763-pillow-humping-essentials-guide-to-solo-pleasure,2026-05-06,0.0,1,0.00
组27 performance,CHJ,/multisensory/sensory-immersion/4312-architecture-of-arousal,2026-05-06,5.24,3,1.75
组34 银发男,HNN,/ja/exp-app/scene/2014393955091804162,2026-05-06,5.73,3,1.91
组35 15 Ideas,CHJ,/multisensory/forbidden-fruit/4424-architecture-of-surrender-15-ideas-for-safe-sensual-self-bondage?page=2,2026-05-06,0.0,1,0.00
组41 Most positions,CHJ,/multisensory/most-positions,2026-05-06,6.59,0,
组46 五个产品合集,HZM,/ai-sex-toys,2026-05-06,0.62,0,
组48 弯棒,HZM,/ai-sex-toys/1181026-twin-pact,2026-05-06,0.0,1,0.00
组49 肛塞,HZM,/ai-sex-toys/1181029-trembling-secret,2026-05-06,1.76,0,
组54  樱花,HNN,https://www.creviatech.com/ja/exp-app/scene/2039221547477065729?from=theater-more-stories,2026-05-06,4.43,0,
组56（蘑菇）,HZM,https://www.creviatech.com/ai-sex-toys/1181028-that-first-flutter,2026-05-06,34.26,2,17.13
组57（八爪鱼）,HZM,https://www.creviatech.com/ai-sex-toys/1181027-intimate-connection,2026-05-06,7.65,0,
组58（弯棒）,HNN,https://www.creviatech.com/ai-sex-toys/1181026-twin-pact,2026-05-06,7.73,2,3.87
组59（肛塞,HNN,https://www.creviatech.com/ai-sex-toys/1181029-trembling-secret,2026-05-06,1.61,0,
组61（恶霸）,HNN,/ja/exp-app/scene/1967491630842826754?from=theater-more-stories,2026-05-06,3.19,0,
组4 Viennese Oyster,CHJ,/multisensory/power-dynamics/3923-architecture-of-depth-mastering-viennese-oyster-position,2026-05-07,7.01,14,0.50
组5 30 Positions,CHJ,/multisensory/most-positions/4690-30-adventurous-sex-positions-to-explore-with-your-partner,2026-05-07,22.83,22,1.04
组7 The best intimacy,CHJ,/multisensory/kink-fetish/4689-mastering-anilingus-sensual-guide-to-rimming-pleasure,2026-05-07,9.52,8,1.19
组9 金项圈,HNN,scene/578113,2026-05-07,0.0,1,0.00
组17 18 Sensual,CHJ,/multisensory/kink-fetish/4686-18-sensual-couch-sex-ideas-to-make-intimate-moments-feel-closer?page=1,2026-05-07,22.74,53,0.43
组24 Dom,CHJ,/multisensory/power-dynamics/4724-understanding-dom-and-sub,2026-05-07,0.0,1,0.00
组27 performance,CHJ,/multisensory/sensory-immersion/4312-architecture-of-arousal,2026-05-07,8.6,3,2.87
组32 confidence,CHJ,/multisensory/power-dynamics/4314-art-of-instrument-mastering-sensual-blowjob-power-dynamics?page=2,2026-05-07,0.0,1,0.00
组34 银发男,HNN,/ja/exp-app/scene/2014393955091804162,2026-05-07,5.28,6,0.88
组35 15 Ideas,CHJ,/multisensory/forbidden-fruit/4424-architecture-of-surrender-15-ideas-for-safe-sensual-self-bondage?page=2,2026-05-07,0.0,1,0.00
组38 CRAVE AI,CHJ,/ai-sex-toys,2026-05-07,0.0,2,0.00
组41 Most positions,CHJ,/multisensory/most-positions,2026-05-07,9.16,6,1.53
组45 11种方式,HNN,/multisensory/forbidden-fruit/4725-11-gentle-femdom-ideas-to-deepen-trust-pleasure-and-intimate?page=1,2026-05-07,0.0,1,0.00
组46 五个产品合集,HZM,/ai-sex-toys,2026-05-07,0.11,0,
组48 弯棒,HZM,/ai-sex-toys/1181026-twin-pact,2026-05-07,0.0,1,0.00
组49 肛塞,HZM,/ai-sex-toys/1181029-trembling-secret,2026-05-07,2.28,1,2.28
组50 蘑菇,HZM,/ai-sex-toys/1181028-that-first-flutter,2026-05-07,2.5,0,
组51 八爪鱼,HZM,/ai-sex-toys/1181027-intimate-connection,2026-05-07,6.07,2,3.04
组54  樱花,HNN,https://www.creviatech.com/ja/exp-app/scene/2039221547477065729?from=theater-more-stories,2026-05-07,8.88,0,
组56（蘑菇）,HZM,https://www.creviatech.com/ai-sex-toys/1181028-that-first-flutter,2026-05-07,18.36,2,9.18
组57（八爪鱼）,HZM,https://www.creviatech.com/ai-sex-toys/1181027-intimate-connection,2026-05-07,13.36,0,
组58（弯棒）,HNN,https://www.creviatech.com/ai-sex-toys/1181026-twin-pact,2026-05-07,10.68,3,3.56
组59（肛塞,HNN,https://www.creviatech.com/ai-sex-toys/1181029-trembling-secret,2026-05-07,11.24,0,
组61（恶霸）,HNN,/ja/exp-app/scene/1967491630842826754?from=theater-more-stories,2026-05-07,9.62,0,
组62（教练）,HNN,https://www.creviatech.com/exp-app/scene/2023384913003253761?from=search&q=Coach%27s+Private+Session%3A+Part+Two&utm_source=facebook&utm_medium=paid&utm_campaign=260507_hnn_facebook_741e61fb&utm_content=HnN219,2026-05-07,10.81,1,10.81
组63（漫男）,HNN,https://www.creviatech.com/exp-app/scene/2049760273118638081?from=theater-more-stories&utm_source=facebook&utm_medium=paid&utm_campaign=260507_hnn_facebook_11c5ec0d&utm_content=HnN219,2026-05-07,11.68,0,
组4 Viennese Oyster,CHJ,/multisensory/power-dynamics/3923-architecture-of-depth-mastering-viennese-oyster-position,2026-05-08,0.0,6,0.00
组5 30 Positions,CHJ,/multisensory/most-positions/4690-30-adventurous-sex-positions-to-explore-with-your-partner,2026-05-08,0.0,21,0.00
组7 The best intimacy,CHJ,/multisensory/kink-fetish/4689-mastering-anilingus-sensual-guide-to-rimming-pleasure,2026-05-08,0.0,10,0.00
组17 18 Sensual,CHJ,/multisensory/kink-fetish/4686-18-sensual-couch-sex-ideas-to-make-intimate-moments-feel-closer?page=1,2026-05-08,0.0,35,0.00
组20 A Softer,CHJ,/multisensory/solo-pleasure/4763-pillow-humping-essentials-guide-to-solo-pleasure,2026-05-08,0.0,1,0.00
组27 performance,CHJ,/multisensory/sensory-immersion/4312-architecture-of-arousal,2026-05-08,0.0,6,0.00
组38 CRAVE AI,CHJ,/ai-sex-toys,2026-05-08,0.0,5,0.00
组39 解锁高潮,HNN,/zh/multisensory/power-dynamics/2746-unlocking-thrill-of-ruined-orgasms-guide-to-orgasm-control-and?page=6,2026-05-08,0.0,1,0.00
组41 Most positions,CHJ,/multisensory/most-positions,2026-05-08,0.0,10,0.00
组49 肛塞,HZM,/ai-sex-toys/1181029-trembling-secret,2026-05-08,4.32,0,
组50 蘑菇,HZM,/ai-sex-toys/1181028-that-first-flutter,2026-05-08,6.46,1,6.46
组51 八爪鱼,HZM,/ai-sex-toys/1181027-intimate-connection,2026-05-08,7.46,0,
组54  樱花,HNN,https://www.creviatech.com/ja/exp-app/scene/2039221547477065729?from=theater-more-stories,2026-05-08,4.55,0,
组56（蘑菇）,HZM,https://www.creviatech.com/ai-sex-toys/1181028-that-first-flutter,2026-05-08,0.0,1,0.00
组57（八爪鱼）,HZM,https://www.creviatech.com/ai-sex-toys/1181027-intimate-connection,2026-05-08,33.9,1,33.90
组58（弯棒）,HNN,https://www.creviatech.com/ai-sex-toys/1181026-twin-pact,2026-05-08,9.54,7,1.36
组59（肛塞,HNN,https://www.creviatech.com/ai-sex-toys/1181029-trembling-secret,2026-05-08,12.11,3,4.04
组61（恶霸）,HNN,/ja/exp-app/scene/1967491630842826754?from=theater-more-stories,2026-05-08,8.43,0,
组62（教练）,HNN,https://www.creviatech.com/exp-app/scene/2023384913003253761?from=search&q=Coach%27s+Private+Session%3A+Part+Two&utm_source=facebook&utm_medium=paid&utm_campaign=260507_hnn_facebook_741e61fb&utm_content=HnN219,2026-05-08,7.79,1,7.79
组63（漫男）,HNN,https://www.creviatech.com/exp-app/scene/2049760273118638081?from=theater-more-stories&utm_source=facebook&utm_medium=paid&utm_campaign=260507_hnn_facebook_11c5ec0d&utm_content=HnN219,2026-05-08,5.43,1,5.43
组64（黎深）,HZM,https://www.creviatech.com/exp-app/scene/2049744772917211137?from=theater-more-stories&utm_source=facebook&utm_medium=paid&utm_campaign=260508_hzm_facebook_ef4cb460&utm_content=Mm0818,2026-05-08,18.83,0,
组65（沈星回）,HZM,https://www.creviatech.com/exp-app/scene/2049760273118638081?from=theater-more-stories&utm_source=facebook&utm_medium=paid&utm_campaign=260508_hzm_facebook_5886c2d8&utm_content=Mm0818,2026-05-08,15.4,0,
组66 （躺椅）,HNN,https://www.creviatech.com/exp-app/scene/2046083147751297026?from=search&q=sunlit&utm_source=facebook&utm_medium=paid&utm_campaign=260508_hnn_facebook_812309e8&utm_content=HnN219,2026-05-08,5.43,0,
组4 Viennese Oyster,CHJ,/multisensory/power-dynamics/3923-architecture-of-depth-mastering-viennese-oyster-position,2026-05-09,8.79,8,1.10
组5 30 Positions,CHJ,/multisensory/most-positions/4690-30-adventurous-sex-positions-to-explore-with-your-partner,2026-05-09,24.47,16,1.53
组7 The best intimacy,CHJ,/multisensory/kink-fetish/4689-mastering-anilingus-sensual-guide-to-rimming-pleasure,2026-05-09,13.14,9,1.46
组16 敲门,HNN,scene/531778,2026-05-09,0.0,1,0.00
组17 18 Sensual,CHJ,/multisensory/kink-fetish/4686-18-sensual-couch-sex-ideas-to-make-intimate-moments-feel-closer?page=1,2026-05-09,24.36,30,0.81
组20 A Softer,CHJ,/multisensory/solo-pleasure/4763-pillow-humping-essentials-guide-to-solo-pleasure,2026-05-09,0.0,1,0.00
组26 Surrender,HZM,/exp-app/scene/2034147121168449537,2026-05-09,0.0,1,0.00
组27 performance,CHJ,/multisensory/sensory-immersion/4312-architecture-of-arousal,2026-05-09,6.44,5,1.29
组36 女性高潮,HZM,/multisensory/womens-sexual-health/1541-how-to-tell-if-woman-has-truly-reached-orgasm-women-s-sexual?page=4,2026-05-09,0.0,2,0.00
组38 CRAVE AI,CHJ,/ai-sex-toys,2026-05-09,0.0,1,0.00
组41 Most positions,CHJ,/multisensory/most-positions,2026-05-09,8.75,5,1.75
组49 肛塞,HZM,/ai-sex-toys/1181029-trembling-secret,2026-05-09,3.41,0,
组50 蘑菇,HZM,/ai-sex-toys/1181028-that-first-flutter,2026-05-09,3.12,0,
组51 八爪鱼,HZM,/ai-sex-toys/1181027-intimate-connection,2026-05-09,1.82,0,
组54  樱花,HNN,https://www.creviatech.com/ja/exp-app/scene/2039221547477065729?from=theater-more-stories,2026-05-09,5.35,0,
组57（八爪鱼）,HZM,https://www.creviatech.com/ai-sex-toys/1181027-intimate-connection,2026-05-09,0.7,0,
组58（弯棒）,HNN,https://www.creviatech.com/ai-sex-toys/1181026-twin-pact,2026-05-09,9.4,5,1.88
组59（肛塞,HNN,https://www.creviatech.com/ai-sex-toys/1181029-trembling-secret,2026-05-09,11.61,5,2.32
组61（恶霸）,HNN,/ja/exp-app/scene/1967491630842826754?from=theater-more-stories,2026-05-09,9.25,0,
组62（教练）,HNN,https://www.creviatech.com/exp-app/scene/2023384913003253761?from=search&q=Coach%27s+Private+Session%3A+Part+Two&utm_source=facebook&utm_medium=paid&utm_campaign=260507_hnn_facebook_741e61fb&utm_content=HnN219,2026-05-09,8.04,0,
组63（漫男）,HNN,https://www.creviatech.com/exp-app/scene/2049760273118638081?from=theater-more-stories&utm_source=facebook&utm_medium=paid&utm_campaign=260507_hnn_facebook_11c5ec0d&utm_content=HnN219,2026-05-09,8.68,0,
组64（黎深）,HZM,https://www.creviatech.com/exp-app/scene/2049744772917211137?from=theater-more-stories&utm_source=facebook&utm_medium=paid&utm_campaign=260508_hzm_facebook_ef4cb460&utm_content=Mm0818,2026-05-09,14.29,4,3.57
组65（沈星回）,HZM,https://www.creviatech.com/exp-app/scene/2049760273118638081?from=theater-more-stories&utm_source=facebook&utm_medium=paid&utm_campaign=260508_hzm_facebook_5886c2d8&utm_content=Mm0818,2026-05-09,16.85,9,1.87
组66 （躺椅）,HNN,https://www.creviatech.com/exp-app/scene/2046083147751297026?from=search&q=sunlit&utm_source=facebook&utm_medium=paid&utm_campaign=260508_hnn_facebook_812309e8&utm_content=HnN219,2026-05-09,7.22,4,1.80
组4 Viennese Oyster,CHJ,/multisensory/power-dynamics/3923-architecture-of-depth-mastering-viennese-oyster-position,2026-05-10,6.16,15,0.41
组5 30 Positions,CHJ,/multisensory/most-positions/4690-30-adventurous-sex-positions-to-explore-with-your-partner,2026-05-10,15.14,28,0.54
组7 The best intimacy,CHJ,/multisensory/kink-fetish/4689-mastering-anilingus-sensual-guide-to-rimming-pleasure,2026-05-10,8.3,13,0.64
组17 18 Sensual,CHJ,/multisensory/kink-fetish/4686-18-sensual-couch-sex-ideas-to-make-intimate-moments-feel-closer?page=1,2026-05-10,14.76,26,0.57
组25 强迫休息,HNN,/exp-app/scene/2013638045763465217,2026-05-10,0.0,1,0.00
组27 performance,CHJ,/multisensory/sensory-immersion/4312-architecture-of-arousal,2026-05-10,4.93,3,1.64
组32 confidence,CHJ,/multisensory/power-dynamics/4314-art-of-instrument-mastering-sensual-blowjob-power-dynamics?page=2,2026-05-10,0.0,2,0.00
组35 15 Ideas,CHJ,/multisensory/forbidden-fruit/4424-architecture-of-surrender-15-ideas-for-safe-sensual-self-bondage?page=2,2026-05-10,0.0,1,0.00
组36 女性高潮,HZM,/multisensory/womens-sexual-health/1541-how-to-tell-if-woman-has-truly-reached-orgasm-women-s-sexual?page=4,2026-05-10,0.0,1,0.00
组38 CRAVE AI,CHJ,/ai-sex-toys,2026-05-10,0.0,1,0.00
组41 Most positions,CHJ,/multisensory/most-positions,2026-05-10,6.21,8,0.78
组49 肛塞,HZM,/ai-sex-toys/1181029-trembling-secret,2026-05-10,2.21,0,
组50 蘑菇,HZM,/ai-sex-toys/1181028-that-first-flutter,2026-05-10,1.87,0,
组51 八爪鱼,HZM,/ai-sex-toys/1181027-intimate-connection,2026-05-10,0.21,0,
组54  樱花,HNN,https://www.creviatech.com/ja/exp-app/scene/2039221547477065729?from=theater-more-stories,2026-05-10,2.12,0,
组58（弯棒）,HNN,https://www.creviatech.com/ai-sex-toys/1181026-twin-pact,2026-05-10,8.57,3,2.86
组59（肛塞,HNN,https://www.creviatech.com/ai-sex-toys/1181029-trembling-secret,2026-05-10,9.64,2,4.82
组61（恶霸）,HNN,/ja/exp-app/scene/1967491630842826754?from=theater-more-stories,2026-05-10,6.26,0,
组62（教练）,HNN,https://www.creviatech.com/exp-app/scene/2023384913003253761?from=search&q=Coach%27s+Private+Session%3A+Part+Two&utm_source=facebook&utm_medium=paid&utm_campaign=260507_hnn_facebook_741e61fb&utm_content=HnN219,2026-05-10,9.11,0,
组63（漫男）,HNN,https://www.creviatech.com/exp-app/scene/2049760273118638081?from=theater-more-stories&utm_source=facebook&utm_medium=paid&utm_campaign=260507_hnn_facebook_11c5ec0d&utm_content=HnN219,2026-05-10,9.68,0,
组64（黎深）,HZM,https://www.creviatech.com/exp-app/scene/2049744772917211137?from=theater-more-stories&utm_source=facebook&utm_medium=paid&utm_campaign=260508_hzm_facebook_ef4cb460&utm_content=Mm0818,2026-05-10,20.24,3,6.75
组65（沈星回）,HZM,https://www.creviatech.com/exp-app/scene/2049760273118638081?from=theater-more-stories&utm_source=facebook&utm_medium=paid&utm_campaign=260508_hzm_facebook_5886c2d8&utm_content=Mm0818,2026-05-10,16.7,6,2.78
组66 （躺椅）,HNN,https://www.creviatech.com/exp-app/scene/2046083147751297026?from=search&q=sunlit&utm_source=facebook&utm_medium=paid&utm_campaign=260508_hnn_facebook_812309e8&utm_content=HnN219,2026-05-10,10.1,3,3.37
组4 Viennese Oyster,CHJ,/multisensory/power-dynamics/3923-architecture-of-depth-mastering-viennese-oyster-position,2026-05-11,0.04,5,0.01
组5 30 Positions,CHJ,/multisensory/most-positions/4690-30-adventurous-sex-positions-to-explore-with-your-partner,2026-05-11,0.26,10,0.03
组7 The best intimacy,CHJ,/multisensory/kink-fetish/4689-mastering-anilingus-sensual-guide-to-rimming-pleasure,2026-05-11,0.05,2,0.03
组17 18 Sensual,CHJ,/multisensory/kink-fetish/4686-18-sensual-couch-sex-ideas-to-make-intimate-moments-feel-closer?page=1,2026-05-11,0.05,12,0.00
组27 performance,CHJ,/multisensory/sensory-immersion/4312-architecture-of-arousal,2026-05-11,0.04,2,0.02
组41 Most positions,CHJ,/multisensory/most-positions,2026-05-11,0.04,3,0.01
组49 肛塞,HZM,/ai-sex-toys/1181029-trembling-secret,2026-05-11,0.63,0,
组50 蘑菇,HZM,/ai-sex-toys/1181028-that-first-flutter,2026-05-11,0.37,0,
组51 八爪鱼,HZM,/ai-sex-toys/1181027-intimate-connection,2026-05-11,0.07,0,
组54  樱花,HNN,https://www.creviatech.com/ja/exp-app/scene/2039221547477065729?from=theater-more-stories,2026-05-11,1.64,0,
组58（弯棒）,HNN,https://www.creviatech.com/ai-sex-toys/1181026-twin-pact,2026-05-11,8.9,7,1.27
组59（肛塞,HNN,https://www.creviatech.com/ai-sex-toys/1181029-trembling-secret,2026-05-11,7.98,3,2.66
组61（恶霸）,HNN,/ja/exp-app/scene/1967491630842826754?from=theater-more-stories,2026-05-11,6.55,0,
组62（教练）,HNN,https://www.creviatech.com/exp-app/scene/2023384913003253761?from=search&q=Coach%27s+Private+Session%3A+Part+Two&utm_source=facebook&utm_medium=paid&utm_campaign=260507_hnn_facebook_741e61fb&utm_content=HnN219,2026-05-11,3.56,0,
组63（漫男）,HNN,https://www.creviatech.com/exp-app/scene/2049760273118638081?from=theater-more-stories&utm_source=facebook&utm_medium=paid&utm_campaign=260507_hnn_facebook_11c5ec0d&utm_content=HnN219,2026-05-11,6.13,0,
组64（黎深）,HZM,https://www.creviatech.com/exp-app/scene/2049744772917211137?from=theater-more-stories&utm_source=facebook&utm_medium=paid&utm_campaign=260508_hzm_facebook_ef4cb460&utm_content=Mm0818,2026-05-11,15.99,3,5.33
组65（沈星回）,HZM,https://www.creviatech.com/exp-app/scene/2049760273118638081?from=theater-more-stories&utm_source=facebook&utm_medium=paid&utm_campaign=260508_hzm_facebook_5886c2d8&utm_content=Mm0818,2026-05-11,16.53,7,2.36
组66 （躺椅）,HNN,https://www.creviatech.com/exp-app/scene/2046083147751297026?from=search&q=sunlit&utm_source=facebook&utm_medium=paid&utm_campaign=260508_hnn_facebook_812309e8&utm_content=HnN219,2026-05-11,8.4,11,0.76
组4 Viennese Oyster,CHJ,/multisensory/power-dynamics/3923-architecture-of-depth-mastering-viennese-oyster-position,2026-05-12,0.00,1,0.00
组5 30 Positions,CHJ,/multisensory/most-positions/4690-30-adventurous-sex-positions-to-explore-with-your-partner,2026-05-12,18.28,8,2.29
组7 The best intimacy,CHJ,/multisensory/kink-fetish/4689-mastering-anilingus-sensual-guide-to-rimming-pleasure,2026-05-12,8.18,4,2.04
组17 18 Sensual,CHJ,/multisensory/kink-fetish/4686-18-sensual-couch-sex-ideas-to-make-intimate-moments-feel-closer?page=1,2026-05-12,24.49,26,0.94
组27 performance,CHJ,/multisensory/sensory-immersion/4312-architecture-of-arousal,2026-05-12,0.00,1,0.00
组32 confidence,CHJ,/multisensory/power-dynamics/4314-art-of-instrument-mastering-sensual-blowjob-power-dynamics?page=2,2026-05-12,0.00,1,0.00
组33 黑男,HNN,/exp-app/scene/2046070030933757953,2026-05-12,0.00,1,0.00
组35 15 Ideas,CHJ,/multisensory/forbidden-fruit/4424-architecture-of-surrender-15-ideas-for-safe-sensual-self-bondage?page=2,2026-05-12,0.00,1,0.00
组38 CRAVE AI,CHJ,/ai-sex-toys,2026-05-12,0.00,1,0.00
组41 Most positions,CHJ,/multisensory/most-positions,2026-05-12,0.00,2,0.00
组43 hands-free,CHJ,https://www.creviatech.com/multisensory/roleplay/4764-hands-free-orgasms-exploring-deep-pleasure-body-awareness-and?page=1,2026-05-12,0.00,1,0.00
组52 掌握眼神,HNN,https://www.creviatech.com/multisensory/sensory-immersion/4494-architecture-of-gaze-mastering-eye-contact-for-deep-intimacy?page=2,2026-05-12,0.00,1,0.00
组53 （Piledriver Position）,CHJ,https://www.creviatech.com/multisensory/power-dynamics/3925-apex-of-depth-mastering-piledriver-position-power-dynamics?page=3,2026-05-12,0.00,1,0.00
组58（弯棒）,HNN,https://www.creviatech.com/ai-sex-toys/1181026-twin-pact,2026-05-12,7.81,2,3.90
组59（肛塞,HNN,https://www.creviatech.com/ai-sex-toys/1181029-trembling-secret,2026-05-12,3.24,2,1.62
组60（直棒）,HZM,https://www.creviatech.com/ai-sex-toys/1181025-shenyong,2026-05-12,0.00,8,0.00
组61（恶霸）,HNN,/ja/exp-app/scene/1967491630842826754?from=theater-more-stories,2026-05-12,7.99,0,0
组62（教练）,HNN,https://www.creviatech.com/exp-app/scene/2023384913003253761?from=search&q=Coach%27s+Private+Session%3A+Part+Two&utm_source=facebook&utm_medium=paid&utm_campaign=260507_hnn_facebook_741e61fb&utm_content=HnN219,2026-05-12,12.02,0,0
组63（漫男）,HNN,https://www.creviatech.com/exp-app/scene/2049760273118638081?from=theater-more-stories&utm_source=facebook&utm_medium=paid&utm_campaign=260507_hnn_facebook_11c5ec0d&utm_content=HnN219,2026-05-12,9.42,1,9.42
组64（黎深）,HZM,https://www.creviatech.com/exp-app/scene/2049744772917211137?from=theater-more-stories&utm_source=facebook&utm_medium=paid&utm_campaign=260508_hzm_facebook_ef4cb460&utm_content=Mm0818,2026-05-12,14.74,3,4.91
组65（沈星回）,HZM,https://www.creviatech.com/exp-app/scene/2049760273118638081?from=theater-more-stories&utm_source=facebook&utm_medium=paid&utm_campaign=260508_hzm_facebook_5886c2d8&utm_content=Mm0818,2026-05-12,20.38,10,2.04
组66 （躺椅）,HNN,https://www.creviatech.com/exp-app/scene/2046083147751297026?from=search&q=sunlit&utm_source=facebook&utm_medium=paid&utm_campaign=260508_hnn_facebook_812309e8&utm_content=HnN219,2026-05-12,8.59,5,1.72
